[{"model": "contenttypes.contenttype", "pk": 1, "fields": {"app_label": "admin", "model": "logentry"}}, {"model": "contenttypes.contenttype", "pk": 2, "fields": {"app_label": "auth", "model": "permission"}}, {"model": "contenttypes.contenttype", "pk": 3, "fields": {"app_label": "auth", "model": "group"}}, {"model": "contenttypes.contenttype", "pk": 4, "fields": {"app_label": "auth", "model": "user"}}, {"model": "contenttypes.contenttype", "pk": 5, "fields": {"app_label": "contenttypes", "model": "contenttype"}}, {"model": "contenttypes.contenttype", "pk": 6, "fields": {"app_label": "sessions", "model": "session"}}, {"model": "contenttypes.contenttype", "pk": 7, "fields": {"app_label": "resume", "model": "address"}}, {"model": "contenttypes.contenttype", "pk": 8, "fields": {"app_label": "resume", "model": "company"}}, {"model": "contenttypes.contenttype", "pk": 9, "fields": {"app_label": "resume", "model": "job"}}, {"model": "contenttypes.contenttype", "pk": 10, "fields": {"app_label": "resume", "model": "phone"}}, {"model": "contenttypes.contenttype", "pk": 11, "fields": {"app_label": "resume", "model": "reference"}}, {"model": "contenttypes.contenttype", "pk": 12, "fields": {"app_label": "resume", "model": "relation"}}, {"model": "contenttypes.contenttype", "pk": 13, "fields": {"app_label": "resume", "model": "school"}}, {"model": "contenttypes.contenttype", "pk": 14, "fields": {"app_label": "resume", "model": "skill"}}, {"model": "contenttypes.contenttype", "pk": 15, "fields": {"app_label": "resume", "model": "resume"}}, {"model": "contenttypes.contenttype", "pk": 16, "fields": {"app_label": "resume", "model": "resumetype"}}, {"model": "contenttypes.contenttype", "pk": 17, "fields": {"app_label": "resume", "model": "summary"}}, {"model": "contenttypes.contenttype", "pk": 18, "fields": {"app_label": "resume", "model": "duty"}}, {"model": "contenttypes.contenttype", "pk": 19, "fields": {"app_label": "resume", "model": "resumeowner"}}, {"model": "sessions.session", "pk": "cm66prbr7bc5dssmo6wwkksi4li9p9fb", "fields": {"session_data": "OGRiNTlkNTg3MmJhNzdkYTE3OTUwOTQzZDBiNDQ4Njg2NTdiMjRhZjp7Il9hdXRoX3VzZXJfaWQiOiIxIiwiX2F1dGhfdXNlcl9iYWNrZW5kIjoiZGphbmdvLmNvbnRyaWIuYXV0aC5iYWNrZW5kcy5Nb2RlbEJhY2tlbmQiLCJfYXV0aF91c2VyX2hhc2giOiIyMWI3ZGZkYTQ3MzM0N2FkNTQzNzQ4YjhiZTJlNzRjMTg2YWQ4MDY3In0=", "expire_date": "2018-06-14T17:33:39.807Z"}}, {"model": "sessions.session", "pk": "d8yipa8p3j5dz0x88i7e4k6zparm78si", "fields": {"session_data": "OGRiNTlkNTg3MmJhNzdkYTE3OTUwOTQzZDBiNDQ4Njg2NTdiMjRhZjp7Il9hdXRoX3VzZXJfaWQiOiIxIiwiX2F1dGhfdXNlcl9iYWNrZW5kIjoiZGphbmdvLmNvbnRyaWIuYXV0aC5iYWNrZW5kcy5Nb2RlbEJhY2tlbmQiLCJfYXV0aF91c2VyX2hhc2giOiIyMWI3ZGZkYTQ3MzM0N2FkNTQzNzQ4YjhiZTJlNzRjMTg2YWQ4MDY3In0=", "expire_date": "2018-06-16T06:14:51.382Z"}}, {"model": "sessions.session", "pk": "i36ho5plg55btb9ke625i8kfjd27z2lt", "fields": {"session_data": "OGRiNTlkNTg3MmJhNzdkYTE3OTUwOTQzZDBiNDQ4Njg2NTdiMjRhZjp7Il9hdXRoX3VzZXJfaWQiOiIxIiwiX2F1dGhfdXNlcl9iYWNrZW5kIjoiZGphbmdvLmNvbnRyaWIuYXV0aC5iYWNrZW5kcy5Nb2RlbEJhY2tlbmQiLCJfYXV0aF91c2VyX2hhc2giOiIyMWI3ZGZkYTQ3MzM0N2FkNTQzNzQ4YjhiZTJlNzRjMTg2YWQ4MDY3In0=", "expire_date": "2018-06-01T14:24:25.960Z"}}, {"model": "sessions.session", "pk": "s435uos9rp1k9y45xvz26195wa085zfb", "fields": {"session_data": "OGRiNTlkNTg3MmJhNzdkYTE3OTUwOTQzZDBiNDQ4Njg2NTdiMjRhZjp7Il9hdXRoX3VzZXJfaWQiOiIxIiwiX2F1dGhfdXNlcl9iYWNrZW5kIjoiZGphbmdvLmNvbnRyaWIuYXV0aC5iYWNrZW5kcy5Nb2RlbEJhY2tlbmQiLCJfYXV0aF91c2VyX2hhc2giOiIyMWI3ZGZkYTQ3MzM0N2FkNTQzNzQ4YjhiZTJlNzRjMTg2YWQ4MDY3In0=", "expire_date": "2018-06-02T00:30:24.812Z"}}, {"model": "resume.address", "pk": 1, "fields": {"street": "1457 Walton Way", "city": "Augusta", "state": "GA", "zip_code": "30901", "updated_at": "2018-05-18T14:44:34.333Z", "created_at": "2018-05-18T14:44:08Z"}}, {"model": "resume.address", "pk": 3, "fields": {"street": "531 Blackburn Dr", "city": "Augusta", "state": "GA", "zip_code": "30907", "updated_at": "2018-05-26T13:02:56.566Z", "created_at": "2018-05-21T07:09:12Z"}}, {"model": "resume.address", "pk": 4, "fields": {"street": "338 South Sharon Amity Road, Suite 106", "city": "Charlotte", "state": "NC", "zip_code": "28211", "updated_at": "2018-05-30T19:24:42.909Z", "created_at": "2018-05-21T07:33:32Z"}}, {"model": "resume.address", "pk": 6, "fields": {"street": "540 Walker St", "city": "Augusta", "state": "GA", "zip_code": "30904", "updated_at": "2018-05-24T17:10:11.654Z", "created_at": "2018-05-21T07:45:30Z"}}, {"model": "resume.address", "pk": 7, "fields": {"street": "2521 Walton Way", "city": "Augusta", "state": "GA", "zip_code": "30904", "updated_at": "2018-05-24T13:48:15.030Z", "created_at": "2018-05-24T13:47:53Z"}}, {"model": "resume.address", "pk": 8, "fields": {"street": "1527 Augusta Ave / PO Box 3285", "city": "Augusta", "state": "GA", "zip_code": "30901", "updated_at": "2018-05-30T18:33:49.399Z", "created_at": "2018-05-30T18:32:54Z"}}, {"model": "resume.address", "pk": 9, "fields": {"street": "540 Telfair St", "city": "Augusta", "state": "GA", "zip_code": "30901", "updated_at": "2018-05-30T18:38:59.874Z", "created_at": "2018-05-30T18:38:36Z"}}, {"model": "resume.address", "pk": 10, "fields": {"street": "3127-G Damascus Road", "city": "Augusta", "state": "GA", "zip_code": "30909", "updated_at": "2018-05-30T19:14:11.452Z", "created_at": "2018-05-30T19:13:31Z"}}, {"model": "resume.phone", "pk": 1, "fields": {"Country_code": "1", "area_code": "706", "prefix": "721", "suffix": "4534", "updated_at": "2018-05-18T14:45:34.286Z", "created_at": "2018-05-18T14:44:37Z"}}, {"model": "resume.phone", "pk": 2, "fields": {"Country_code": "1", "area_code": "844", "prefix": "635", "suffix": "7678", "updated_at": "2018-05-26T12:53:51.421Z", "created_at": "2018-05-21T07:14:36Z"}}, {"model": "resume.phone", "pk": 3, "fields": {"Country_code": "1", "area_code": "704", "prefix": "208", "suffix": "4143", "updated_at": "2018-05-30T19:25:13.261Z", "created_at": "2018-05-21T07:34:10Z"}}, {"model": "resume.phone", "pk": 6, "fields": {"Country_code": "1", "area_code": "706", "prefix": "294", "suffix": "1279", "updated_at": "2018-05-24T13:48:38.122Z", "created_at": "2018-05-24T13:48:24Z"}}, {"model": "resume.phone", "pk": 7, "fields": {"Country_code": "1", "area_code": "866", "prefix": "441", "suffix": "9545", "updated_at": "2018-05-30T18:34:25.121Z", "created_at": "2018-05-30T18:34:08Z"}}, {"model": "resume.phone", "pk": 8, "fields": {"Country_code": "1", "area_code": "706", "prefix": "723", "suffix": "5728", "updated_at": "2018-05-30T18:39:29.044Z", "created_at": "2018-05-30T18:39:17Z"}}, {"model": "resume.phone", "pk": 9, "fields": {"Country_code": "1", "area_code": "706", "prefix": "737", "suffix": "3014", "updated_at": "2018-05-30T19:14:52.140Z", "created_at": "2018-05-30T19:14:35Z"}}, {"model": "resume.company", "pk": 1, "fields": {"name": "Augusta University (Georgia Prevention Institute)", "desc": "Formerly called Medical College of GA (MCG).  The Georgia Prevention Institute was a nationally recognized research institution within the MCG family.  It was funded by the National Institutes of Health (NIH).  They conduct long term research in cardiovascular health.  This includes genetic markers, blood markers, and preventative measures to reduce morbidity rates.", "address": 1, "phone": 1, "email": "gpi@augusta.edu", "website": "http://www.augusta.edu/mcg/dphs/gpi/", "updated_at": "2018-05-30T19:21:13.707Z", "created_at": "2018-05-18T14:39:30Z"}}, {"model": "resume.company", "pk": 3, "fields": {"name": "Calling Post Communications", "desc": "A web-based one-to-many messaging company.  Record a message and the CallingPost servers will handle calling all of your contacts.", "address": 3, "phone": 2, "email": "Support@CallingPost.com", "website": "https://CallingPost.com/About.html", "updated_at": "2018-05-30T19:21:21.187Z", "created_at": "2018-05-21T07:14:06Z"}}, {"model": "resume.company", "pk": 4, "fields": {"name": "United Global Technologies", "desc": "Founded in 2009 by Elizabeth Bernstein and Jason Monastra, United Global Technologies is a SBA certified Women Owned Small Business (WOSB) IT and Engineering Services provider offering public and private sector clients over 32 years of information technology, engineering, and operational project services experience.\r\n\r\n\r\nUGT was formed on the backbone of servicing mission-critical federal facilities with unclassified and classified personnel at the most vital locations across the country including Savannah River National Lab (SRNL), Savannah River Site (SRS), Nevada Test (NSTec), Oak Ridge Associated Universities (ORAU), Oak Ridge National Lab (ORNL), Los Alamos National Lab (LANL), Idaho National Lab (INL), FERMI, Brookhaven National Lab (BNL), West Valley and others.  The company continues to expand our footprint offering commercial services to the largest companies in the world inclusive of Jacobs, CH2MH, Fluor, General Dynamics, Bechtel and other industry leaders across a diverse range of industrial verticals.\r\n\r\n\r\nNo other U.S.-based IT and engineering services company has the track-record and scope required to meet aggressive goals for all clients while offering the diversity business benefits of working with a certified EDWOSB/WOSB/SBE/DBE/MBE and HUB (NC) professional services firm.  UGT, in addition, was selected with the past performance of the Department of Energy (DOE) into the Mentor Prot\u00e9g\u00e9 program to support Stanford National Accelerator Laboratory (SLAC) in California.", "address": 4, "phone": 3, "email": "monastra@ugtechnologies.com", "website": "https://www.ugtechnologies.com/", "updated_at": "2018-05-30T19:25:35.155Z", "created_at": "2018-05-21T07:31:33Z"}}, {"model": "resume.company", "pk": 5, "fields": {"name": "Augusta Business Interiors (ABI)", "desc": "A modular furniture company based out of Augusta, GA.", "address": 10, "phone": 9, "email": "info@abi.inc", "website": "http://abiinc.net/", "updated_at": "2018-05-30T19:21:06.051Z", "created_at": "2018-05-21T07:38:47Z"}}, {"model": "resume.company", "pk": 6, "fields": {"name": "The ClubHou.se", "desc": "theClubhou.se inspires ideas, creates companies, and builds community. Founded in 2012, theClubhou.se is a division of Hack Augusta, inc., non-profit 501(c)3 dedicated to growing a culture of innovation and collaboration. We serve over 10,000 people in the Greater Augusta MSA throughout our events and programs. We have 80 members and have helped 60 entrepreneurs grow 32 companies that create 90 jobs and a $7,000,000 annual economic impact in our community.", "address": 6, "phone": 8, "email": "heythere@theclubhou.se", "website": "https://theclubhou.se", "updated_at": "2018-05-30T19:21:33.012Z", "created_at": "2018-05-21T07:44:51Z"}}, {"model": "resume.company", "pk": 7, "fields": {"name": "Macuch Steel Products", "desc": "Structural Steel Fabrication, Manufacturing of Steel Stairs and Rails, and Steel Erection.", "address": 8, "phone": 7, "email": "info@macuchsteel.com", "website": "www.macuchsteel.com", "updated_at": "2018-05-30T19:21:28.251Z", "created_at": "2018-05-30T18:35:02Z"}}, {"model": "resume.skill", "pk": 1, "fields": {"name": "Visual Studio .Net (VS.Net)", "desc": "A powerful Integrated Development Environment (IDE) created by Microsoft.  I walked all the way through just about all of the versions.  I started at .Net 2002 (before it was even called VS Studio)  and ran through to VS 2013.", "years": 10, "years_modifier": "+", "updated_at": "2018-05-18T14:50:37.099Z", "created_at": "2018-05-18T14:47:47Z"}}, {"model": "resume.skill", "pk": 2, "fields": {"name": "Visual Basic .Net (VB.Net)", "desc": "One of the many languages that Microsoft has put out in it's VS.Net IDE.  I used this to create Websites (WebForms), Windows form based applications (WinForms).", "years": 10, "years_modifier": "+", "updated_at": "2018-05-18T14:53:42.891Z", "created_at": "2018-05-18T14:50:59Z"}}, {"model": "resume.skill", "pk": 3, "fields": {"name": "SQL Server", "desc": "SQL Server is Microsoft's relational database management system (RDBMS). It is a full-featured database primarily designed to compete against competitors Oracle Database (DB) and MySQL.\r\n\r\nI have had experience in SQL Server 2005 all the way up to SQL Server 2012.", "years": 8, "years_modifier": "", "updated_at": "2018-05-18T15:00:04.266Z", "created_at": "2018-05-18T14:56:23Z"}}, {"model": "resume.skill", "pk": 4, "fields": {"name": "Visual C# .Net (C#.Net)", "desc": "fILL mE-iN", "years": 1, "years_modifier": "<", "updated_at": "2018-05-21T07:18:13.436Z", "created_at": "2018-05-21T07:16:20Z"}}, {"model": "resume.skill", "pk": 5, "fields": {"name": "Entity Framework (EF)", "desc": "", "years": 1, "years_modifier": "<", "updated_at": "2018-05-21T18:53:15.034Z", "created_at": "2018-05-21T07:24:51Z"}}, {"model": "resume.skill", "pk": 6, "fields": {"name": "Oracle", "desc": "", "years": 3, "years_modifier": "", "updated_at": "2018-05-21T07:36:15.861Z", "created_at": "2018-05-21T07:36:00Z"}}, {"model": "resume.skill", "pk": 7, "fields": {"name": "MS Access", "desc": "A Microsoft relational database for beginners as well as higher end clients.", "years": 15, "years_modifier": ">", "updated_at": "2018-05-21T07:42:32.581Z", "created_at": "2018-05-21T07:41:25Z"}}, {"model": "resume.skill", "pk": 8, "fields": {"name": "VS Code", "desc": "Visual Studio Code is a highly popular IDE for coding websites, javaSCRIPT, ETC...", "years": 1, "years_modifier": "<", "updated_at": "2018-05-21T07:48:24.974Z", "created_at": "2018-05-21T07:47:27Z"}}, {"model": "resume.skill", "pk": 9, "fields": {"name": "HTML5", "desc": "HTML5 is a markup language used for structuring and presenting content on the World Wide Web. It is the fifth and current major version of the HTML standard.\r\n\r\nIt was published in October 2014 by the World Wide Web Consortium (W3C) to improve the language with support for the latest multimedia, while keeping it both easily readable by humans and consistently understood by computers and devices such as web browsers, parsers, etc. HTML5 is intended to subsume not only HTML 4, but also XHTML 1 and DOM Level 2 HTML.", "years": 1, "years_modifier": "<", "updated_at": "2018-05-21T18:42:48.577Z", "created_at": "2018-05-21T18:39:10Z"}}, {"model": "resume.skill", "pk": 10, "fields": {"name": "RDBMS", "desc": "A relational database management system (RDBMS) is a database management system (DBMS) based on the relational model invented by Edgar F. Codd at IBM's San Jose Research Laboratory. Most databases in widespread use today are based on his relational database model.\r\n\r\nRDBMSs have been a common choice for the storage of information in databases used for financial records, manufacturing and logistical information, personnel data, and other applications since the 1980s. Relational databases have often replaced legacy hierarchical databases and network databases because they were easier to implement and administer. Nonetheless, relational databases received continued, unsuccessful challenges by object database management systems in the 1980s and 1990s, (which were introduced in an attempt to address the so-called object-relational impedance mismatch between relational databases and object-oriented application programs), as well as by XML database management systems in the 1990s. However, due to the expanse of technologies, such as horizontal scaling of computer clusters, NoSQL databases have recently begun to peck away at the market share of RDBMSs.", "years": 15, "years_modifier": ">", "updated_at": "2018-05-21T18:44:34.472Z", "created_at": "2018-05-21T18:42:52Z"}}, {"model": "resume.skill", "pk": 11, "fields": {"name": "Team Foundation Server (TFS)", "desc": "Team Foundation Server (commonly abbreviated to TFS) is a Microsoft product that provides source code management (either with Team Foundation Version Control or Git), reporting, requirements management, project management (for both agile software development and waterfall teams), automated builds, lab management, testing and release management capabilities. It covers the entire application lifecycle, and enables DevOps capabilities. TFS can be used as a back-end to numerous integrated development environments (IDEs) but is tailored for Microsoft Visual Studio and Eclipse on all platforms.", "years": 5, "years_modifier": ">", "updated_at": "2018-05-21T18:50:42.139Z", "created_at": "2018-05-21T18:49:14Z"}}, {"model": "resume.skill", "pk": 12, "fields": {"name": "Cascading Style Sheets (CSS3)", "desc": "Cascading Style Sheets (CSS)\r\nCSS-shade.svg\r\nFilename extension\t.css\r\nInternet media type\ttext/css\r\nUniform Type Identifier (UTI)\tpublic.css\r\nDeveloped by\t\r\nH\u00e5kon Wium Lie Bert Bos World Wide Web Consortium\r\nInitial release\tDecember 17, 1996; 21 years ago\r\nType of format\tStyle sheet language\r\nStandards\t\r\nLevel 1 (Recommendation)\r\nLevel 2 (ditto)\r\nLevel 2 Revision 1 (ditto)\r\nCascading Style Sheets\r\nStyle sheet\r\nCSS Zen Garden The Zen of CSS Design\r\nCSS box model Internet Explorer box model bug\r\nCSSTidy Dynamic CSS\r\nComparisons\r\nCSS support Stylesheet languages\r\nWeb design\r\nTableless \"Holy grail\" Responsive\r\nWikibooks page Cascading Style Sheets\r\nv t e\r\nHTML\r\nHTML Dynamic HTML HTML5 audio canvas video XHTML Basic Mobile Profile C-HTML HTML element span and div HTML attribute HTML frame HTML editor Character encodings Unicode Language code Document Object Model Browser Object Model Style sheets CSS Font family Web colors HTML scripting JavaScript WebGL WebCL W3C Validator WHATWG Quirks mode Web storage Rendering engine\r\nComparisons\r\nDocument markup languages HTML support XHTML 1.1\r\nv t e\r\nCascading Style Sheets (CSS) is a style sheet language used for describing the presentation of a document written in a markup language like HTML.[1] CSS is a cornerstone technology of the World Wide Web, alongside HTML and JavaScript.[2]\r\n\r\nCSS is designed to enable the separation of presentation and content, including layout, colors, and fonts.[3] This separation can improve content accessibility, provide more flexibility and control in the specification of presentation characteristics, enable multiple web pages to share formatting by specifying the relevant CSS in a separate .css file, and reduce complexity and repetition in the structural content", "years": 5, "years_modifier": "", "updated_at": "2018-05-21T18:52:41.248Z", "created_at": "2018-05-21T18:50:57Z"}}, {"model": "resume.skill", "pk": 13, "fields": {"name": "JavaScript", "desc": "JavaScript,often abbreviated as JS, is a high-level, interpreted programming language. It is a language which is also characterized as dynamic, weakly typed, prototype-based and multi-paradigm.\r\n\r\nAlongside HTML and CSS, JavaScript is one of the three core technologies of the World Wide Web. JavaScript enables interactive web pages and thus is an essential part of web applications. The vast majority of websites use it, and all major web browsers have a dedicated JavaScript engine to execute it.", "years": 5, "years_modifier": "", "updated_at": "2018-05-21T18:55:28.753Z", "created_at": "2018-05-21T18:54:43Z"}}, {"model": "resume.skill", "pk": 14, "fields": {"name": "Agile Methodologies", "desc": "\u201cAgile Development\u201d is an umbrella term for several iterative and incremental software development methodologies. The most popular agile methodologies include Extreme Programming (XP), Scrum, Crystal, Dynamic Systems Development Method (DSDM), Lean Development, and Feature-Driven Development (FDD)", "years": 5, "years_modifier": "", "updated_at": "2018-05-21T18:57:20.377Z", "created_at": "2018-05-21T18:56:38Z"}}, {"model": "resume.skill", "pk": 15, "fields": {"name": "XML", "desc": "In computing, Extensible Markup Language (XML) is a markup language that defines a set of rules for encoding documents in a format that is both human-readable and machine-readable. The W3C's XML 1.0 Specification and several other related specifications\u2014all of them free open standards\u2014define XML.\r\n\r\nThe design goals of XML emphasize simplicity, generality, and usability across the Internet. It is a textual data format with strong support via Unicode for different human languages. Although the design of XML focuses on documents, the language is widely used for the representation of arbitrary data structures such as those used in web services.", "years": 5, "years_modifier": "", "updated_at": "2018-05-21T18:58:59.529Z", "created_at": "2018-05-21T18:57:33Z"}}, {"model": "resume.skill", "pk": 16, "fields": {"name": "Attended SCRUM meetings", "desc": "Scrum itself is a simple framework for effective team collaboration on complex products.  In it, people can address complex adaptive problems, while productively and creatively delivering products of the highest possible value.", "years": 5, "years_modifier": "", "updated_at": "2018-05-21T19:16:11.962Z", "created_at": "2018-05-21T19:13:58Z"}}, {"model": "resume.skill", "pk": 17, "fields": {"name": "Node.JS", "desc": "Node.js\u00ae is a JavaScript runtime built on Chrome's V8 JavaScript engine. Node.js uses an event-driven, non-blocking I/O model that makes it lightweight and efficient. Node.js' package ecosystem, npm, is the largest ecosystem of open source libraries in the world.", "years": 1, "years_modifier": "", "updated_at": "2018-05-21T19:17:52.011Z", "created_at": "2018-05-21T19:16:17Z"}}, {"model": "resume.skill", "pk": 18, "fields": {"name": "React.JS", "desc": "A JavaScript library for building user interfaces", "years": 1, "years_modifier": "", "updated_at": "2018-05-21T19:17:44.764Z", "created_at": "2018-05-21T19:17:22Z"}}, {"model": "resume.skill", "pk": 19, "fields": {"name": "Laravel (PHP framework)", "desc": "Laravel is a free, open-source PHP web framework, created by Taylor Otwell and intended for the development of web applications following the model\u2013view\u2013controller (MVC) architectural pattern and based on Symfony. Some of the features of Laravel are a modular packaging system with a dedicated dependency manager, different ways for accessing relational databases, utilities that aid in application deployment and maintenance, and its orientation toward syntactic sugar.", "years": 1, "years_modifier": "", "updated_at": "2018-05-21T19:19:54.418Z", "created_at": "2018-05-21T19:18:02Z"}}, {"model": "resume.skill", "pk": 20, "fields": {"name": "Node Package Manager (NPM)", "desc": "npm is a package manager for the JavaScript programming language. It is the default package manager for the JavaScript runtime environment Node.js. It consists of a command line client, also called npm, and an online database of public and paid-for private packages, called the npm registry. The registry is accessed via the client, and the available packages can be browsed and searched via the npm website. The package manager and the registry are managed by npm, Inc.", "years": 1, "years_modifier": "", "updated_at": "2018-05-21T19:20:58.825Z", "created_at": "2018-05-21T19:20:08Z"}}, {"model": "resume.skill", "pk": 21, "fields": {"name": "Atom IDE", "desc": "Atom is a free and open-source text and source code editor for macOS, Linux, and Microsoft Windows with support for plug-ins written in Node.js, and embedded Git Control, developed by GitHub.", "years": 1, "years_modifier": "", "updated_at": "2018-05-21T19:22:27.026Z", "created_at": "2018-05-21T19:21:30Z"}}, {"model": "resume.skill", "pk": 22, "fields": {"name": "Apache Web Server", "desc": "The Apache HTTP Server, colloquially called Apache, is a free and open-source cross-platform web server, released under the terms of Apache License 2.0.", "years": 1, "years_modifier": "", "updated_at": "2018-05-21T19:22:56.666Z", "created_at": "2018-05-21T19:22:34Z"}}, {"model": "resume.skill", "pk": 23, "fields": {"name": "XAMPP", "desc": "XAMPP is a free and open source cross-platform web server solution stack package developed by Apache Friends, consisting mainly of the Apache HTTP Server, MariaDB database, and interpreters for scripts ..", "years": 1, "years_modifier": "", "updated_at": "2018-05-21T19:23:29.978Z", "created_at": "2018-05-21T19:23:20Z"}}, {"model": "resume.skill", "pk": 24, "fields": {"name": "Crystal Reports", "desc": "Crystal Reports is a business intelligence application, currently marketed to small businesses by SAP SE. It is used to design and generate reports from a wide range of data sources.", "years": 8, "years_modifier": "", "updated_at": "2018-05-21T19:24:07.194Z", "created_at": "2018-05-21T19:23:42Z"}}, {"model": "resume.skill", "pk": 25, "fields": {"name": "Microsoft Reporting Services (MSRS)", "desc": "Microsoft Reporting Services (MSRS) is a program that can be installed with a full instance installation of SQL server 2005 or 2008. SQL Server 2005 Reporting Services is a new server-based reporting platform that you can use to create and manage tabular, matrix, graphical, and free-form reports that contain data from relational and multidimensional data sources. The reports that you create can be viewed and managed over a Web-based connection. This program would allow you to set up a backend connection to the exact tables you'd need to pull the data from, and then create a report that you could publish directly to the web.", "years": 2, "years_modifier": "", "updated_at": "2018-05-21T19:25:56.860Z", "created_at": "2018-05-21T19:24:17Z"}}, {"model": "resume.skill", "pk": 26, "fields": {"name": "GitHub", "desc": "GitHub is a web-based hosting service for version control using git. It is mostly used for computer code. It offers all of the distributed version control and source code management functionality of Git as well as adding its own features.", "years": 1, "years_modifier": "", "updated_at": "2018-05-21T19:26:35.538Z", "created_at": "2018-05-21T19:26:08Z"}}, {"model": "resume.skill", "pk": 27, "fields": {"name": "Composer (PHP)", "desc": "Composer is an application-level package manager for the PHP programming language that provides a standard format for managing dependencies of PHP software and required libraries.", "years": 1, "years_modifier": "", "updated_at": "2018-05-21T19:27:13.570Z", "created_at": "2018-05-21T19:26:54Z"}}, {"model": "resume.skill", "pk": 28, "fields": {"name": "PHP", "desc": "PHP: Hypertext Preprocessor is a server-side scripting language designed for web development but also used as a general-purpose programming language.  \r\n\r\nIt was originally created by Rasmus Lerdorf in 1994, the PHP reference implementation is now produced by The PHP Group. PHP originally stood for Personal Home Page,[3] but it now stands for the recursive acronym PHP: Hypertext Preprocessor.", "years": 1, "years_modifier": "", "updated_at": "2018-05-21T19:29:27.059Z", "created_at": "2018-05-21T19:28:05Z"}}, {"model": "resume.skill", "pk": 29, "fields": {"name": "Active Server Pages (ASP)", "desc": "Active Server Pages, later known as Classic ASP or ASP Classic, is Microsoft's first server-side script engine for dynamically generated web pages. ASP.NET, first released in January 2002, has superseded", "years": 5, "years_modifier": "", "updated_at": "2018-05-21T19:32:31.090Z", "created_at": "2018-05-21T19:30:45Z"}}, {"model": "resume.skill", "pk": 30, "fields": {"name": "Active Server Pages (ASP.NET)", "desc": "ASP.NET is an open-source[2] server-side web application framework designed for web development to produce dynamic web pages. It was developed by Microsoft to allow programmers to build dynamic web sites, web applications and web services.\r\n\r\nIt was first released in January 2002 with version 1.0 of the .NET Framework, and is the successor to Microsoft's Active Server Pages (ASP) technology. ASP.NET is built on the Common Language Runtime (CLR), allowing programmers to write ASP.NET code using any supported .NET language. The ASP.NET SOAP extension framework allows ASP.NET components to process SOAP messages.\r\n\r\nASP.NET's successor is ASP.NET Core. It is a re-implementation of ASP.NET as a modular web framework, together with other frameworks like Entity Framework. The new framework uses the new open-source .NET Compiler Platform (codename \"Roslyn\") and is cross platform. ASP.NET MVC, ASP.NET Web API, and ASP.NET Web Pages (a platform using only Razor pages) have merged into a unified MVC 6.[3]", "years": 5, "years_modifier": "", "updated_at": "2018-05-21T19:33:11.771Z", "created_at": "2018-05-21T19:32:33Z"}}, {"model": "resume.skill", "pk": 31, "fields": {"name": "MySql", "desc": "MySQL is an open-source relational database management system. Its name is a combination of \"My\", the name of co-founder Michael Widenius's daughter, and \"SQL\", the abbreviation for Structured Query Language.", "years": 1, "years_modifier": "", "updated_at": "2018-05-21T19:33:59.939Z", "created_at": "2018-05-21T19:33:26Z"}}, {"model": "resume.skill", "pk": 32, "fields": {"name": "MySql Workbench", "desc": "MySQL Workbench is a visual database design tool that integrates SQL development, administration, database design, creation and maintenance into a single integrated development environment for the MySQL database system.", "years": 1, "years_modifier": "", "updated_at": "2018-05-21T19:34:27.476Z", "created_at": "2018-05-21T19:34:08Z"}}, {"model": "resume.skill", "pk": 33, "fields": {"name": "LINQ\u2013to-SQL", "desc": "LINQ to SQL is a component of .NET Framework version 3.5 that provides a run-time infrastructure for managing relational data as objects.\r\n\r\nIn LINQ to SQL, the data model of a relational database is mapped to an object model expressed in the programming language of the developer. When the application runs, LINQ to SQL translates into SQL the language-integrated queries in the object model and sends them to the database for execution. When the database returns the results, LINQ to SQL translates them back to objects that you can work with in your own programming language.", "years": 1, "years_modifier": "", "updated_at": "2018-05-21T19:36:30.427Z", "created_at": "2018-05-21T19:34:40Z"}}, {"model": "resume.skill", "pk": 34, "fields": {"name": "JavaScript Object Notation (JSON)", "desc": "In computing, JavaScript Object Notation or JSON, is an open-standard file format that uses human-readable text to transmit data objects consisting of attribute\u2013value pairs and array data types (or any other serializable value). It is a very common data format used for asynchronous browser\u2013server communication, including as a replacement for XML in some AJAX-style systems.", "years": 5, "years_modifier": "", "updated_at": "2018-05-21T19:38:16.546Z", "created_at": "2018-05-21T19:36:39Z"}}, {"model": "resume.skill", "pk": 35, "fields": {"name": "Forklift Operation", "desc": "A forklift (also called lift truck, fork truck, fork hoist, and forklift truck) is a powered industrial truck used to lift and move materials over short distances. The forklift was developed in the early 20th century by various companies, including Clark, which made transmissions, and Yale & Towne Manufacturing, which made hoists.  Since World War II, the use and development of the forklift truck have greatly expanded worldwide. Forklifts have become an indispensable piece of equipment in manufacturing and warehousing. In 2013, the top 20 manufacturers worldwide posted sales of $30.4 billion, with 944,405 machines sold.", "years": 1, "years_modifier": "", "updated_at": "2018-05-21T19:41:33.588Z", "created_at": "2018-05-21T19:40:14Z"}}, {"model": "resume.skill", "pk": 36, "fields": {"name": "Computer Numerical Control Machine (CNC) Burn Table", "desc": "CNC means Computer Numerical Control. This means a computer converts the design produced by Computer Aided Design software (CAD), into numbers. The numbers can be considered to be the coordinates of a graph and they control the movement of the cutter. ... The plastic block shown below has been shaped on a CNC machine.\r\n\r\nThis particular table was for Steel sheets up to 20 feet long and 8 feet wide, weighing in at a whopping 6 thousand lbs depending on thickness, etc...", "years": 1, "years_modifier": "", "updated_at": "2018-05-21T19:46:59.691Z", "created_at": "2018-05-21T19:44:32Z"}}, {"model": "resume.duty", "pk": 1, "fields": {"desc": "Developed front end user interfaces designed to interact with the data in database", "updated_at": "2018-05-21T06:21:43.168Z", "created_at": "2018-05-21T06:20:51Z"}}, {"model": "resume.duty", "pk": 2, "fields": {"desc": "Created several MS VB.Net 2005 WinForms Applications to enable users to enter, edit, and delete data.  Designed web apps to replace the WinForms apps that had several advantages to the WinForms apps.", "updated_at": "2018-05-21T06:22:14.023Z", "created_at": "2018-05-21T06:21:46Z"}}, {"model": "resume.duty", "pk": 3, "fields": {"desc": "Users were prevented from using outdated versions, no one had to go and install the WinForms apps individually on each new person's computer.", "updated_at": "2018-05-21T06:22:41.189Z", "created_at": "2018-05-21T06:22:17Z"}}, {"model": "resume.duty", "pk": 4, "fields": {"desc": "Retrieved data from MS SQL Server, translating into SPSS statistical files for data analysis, used to publish data findings in various national publications, as well as to secure NIH funding.", "updated_at": "2018-05-21T06:22:56.136Z", "created_at": "2018-05-21T06:22:52Z"}}, {"model": "resume.duty", "pk": 5, "fields": {"desc": "Created Crystal Reports for data analysis and management decisions.", "updated_at": "2018-05-21T06:23:11.060Z", "created_at": "2018-05-21T06:23:07Z"}}, {"model": "resume.duty", "pk": 6, "fields": {"desc": "Before the VB.net WinForms applications, worked with MS Office applications, most importantly Excel, and used VB6 and VBA to create macros and programmed limits to data entry process to ensure data integrity.", "updated_at": "2018-05-21T06:23:33.732Z", "created_at": "2018-05-21T06:23:26Z"}}, {"model": "resume.duty", "pk": 7, "fields": {"desc": "Managed a group of 4 data entry personnel.", "updated_at": "2018-05-21T17:03:22.054Z", "created_at": "2018-05-21T06:23:48Z"}}, {"model": "resume.duty", "pk": 8, "fields": {"desc": "Contracted to help redesign web portal, incorporating more current web technologies in an Agile development, C#/OOP shop.", "updated_at": "2018-05-21T07:22:48.858Z", "created_at": "2018-05-21T07:22:26Z"}}, {"model": "resume.duty", "pk": 9, "fields": {"desc": "At project onset management broke down the web development process into usage cards, utilizing cards for time recording of calculations and task assignments.", "updated_at": "2018-05-21T07:23:05.817Z", "created_at": "2018-05-21T07:22:52Z"}}, {"model": "resume.duty", "pk": 10, "fields": {"desc": "Attended daily Agile Scrum meetings, reporting on progress and finalizing daily assignments.", "updated_at": "2018-05-21T07:23:17.964Z", "created_at": "2018-05-21T07:23:15Z"}}, {"model": "resume.duty", "pk": 11, "fields": {"desc": "Created a multi-tiered web application, including a database constructed using MS Entity Framework 4.3 (EF).  The inserts, updates, and deletes were all handled by EF, a Business Layer, and the website itself.", "updated_at": "2018-05-21T07:23:43.171Z", "created_at": "2018-05-21T07:23:36Z"}}, {"model": "resume.duty", "pk": 12, "fields": {"desc": "Exposed data through MS OData services, and communicated with data servers using MS WCF services.", "updated_at": "2018-05-21T07:23:54.575Z", "created_at": "2018-05-21T07:23:51Z"}}, {"model": "resume.duty", "pk": 13, "fields": {"desc": "Constructed queries utilizing C# language, and LINQ to SQL structured language.", "updated_at": "2018-05-21T07:24:02.978Z", "created_at": "2018-05-21T07:24:00Z"}}, {"model": "resume.duty", "pk": 14, "fields": {"desc": "Utilized EF, OData and WCF services that will leverage technologies to create a huge savings.", "updated_at": "2018-05-21T07:24:20.490Z", "created_at": "2018-05-21T07:24:17Z"}}, {"model": "resume.duty", "pk": 15, "fields": {"desc": "Relied heavily on XML data structures to simulate database calls, enabling web app creation using the Adapter Pattern.", "updated_at": "2018-05-21T07:24:31.801Z", "created_at": "2018-05-21T07:24:26Z"}}, {"model": "resume.duty", "pk": 16, "fields": {"desc": "Contracted to Savannah River Nuclear Solutions (SRNS) site, to customize SPF 4.4 and rollover from SPF 3.8 to 4.4, in collaboration with an SPF team in an Agile development, VB.net/OOP shop. Attended daily Agile Scrum meetings, reporting on progress and finalizing daily assignments.", "updated_at": "2018-05-21T07:30:27.255Z", "created_at": "2018-05-21T07:30:04Z"}}, {"model": "resume.duty", "pk": 17, "fields": {"desc": "Handled development and customization of WinForms, also known as E-forms in SPF.", "updated_at": "2018-05-21T07:30:35.862Z", "created_at": "2018-05-21T07:30:29Z"}}, {"model": "resume.duty", "pk": 18, "fields": {"desc": "Successfully implemented CRUD operations and validations accompanying create and update functions.  The underlying database was an Oracle 10 installation.  PL/SQL and stored procedures were sometimes created for specific needs of the customization of the SPF E-Forms.", "updated_at": "2018-05-21T07:30:44.373Z", "created_at": "2018-05-21T07:30:40Z"}}, {"model": "resume.duty", "pk": 19, "fields": {"desc": "Implemented an error message handling function on the server-side that required customization to the out of the box, server-side code.", "updated_at": "2018-05-21T07:31:06.284Z", "created_at": "2018-05-21T07:31:02Z"}}, {"model": "resume.duty", "pk": 20, "fields": {"desc": "Created Crystal Reports for management to use to make decisions based on the data that was in the system.", "updated_at": "2018-05-21T07:31:27.446Z", "created_at": "2018-05-21T07:31:24Z"}}, {"model": "resume.duty", "pk": 21, "fields": {"desc": "Attended a 12 week, all day, intensive, web-development code boot camp to brush up on newest technologies.  This full stack course covered both front and back end web development.", "updated_at": "2018-05-21T07:49:14.164Z", "created_at": "2018-05-21T07:48:49Z"}}, {"model": "resume.duty", "pk": 22, "fields": {"desc": "Completed assignments in Node.JS, Node Package Manager (NPM), HTML5 and CSS3 to create simple functional front end projects.", "updated_at": "2018-05-21T07:49:41.286Z", "created_at": "2018-05-21T07:49:22Z"}}, {"model": "resume.duty", "pk": 23, "fields": {"desc": "Completed assignments in Laravel (the PHP framework), Apache Server, XAMPP, MySql Database, Python 3, Django (Python back-end), HTML5 and CSS3 to create simple functional back end projects.", "updated_at": "2018-05-21T07:50:00.899Z", "created_at": "2018-05-21T07:49:50Z"}}, {"model": "resume.duty", "pk": 24, "fields": {"desc": "Completed team project with Agile Methodologies and scrum meetings, from customer input to approval in 4 weeks.", "updated_at": "2018-05-21T07:50:19.106Z", "created_at": "2018-05-21T07:50:08Z"}}, {"model": "resume.job", "pk": 1, "fields": {"title": "Systems Analyst (\"Big\" Data Manager & WinForm / WebForm Developer)", "desc": "Was hired originally as a Data-Entry Clerk.  I worked my way up to systems analyst.  I was fortunate enough to learn new technologies and gain extra responsibilities with every promotion.", "company": 1, "start": "1997-08-01", "end": "2012-03-31", "updated_at": "2018-05-21T06:26:14.549Z", "created_at": "2018-05-18T14:38:19Z", "duty": [6, 5, 2, 1, 7, 4, 3], "skill": [3, 2, 1]}}, {"model": "resume.job", "pk": 2, "fields": {"title": "Web Developer", "desc": "Hired to help with redesign of the companies ageing website.", "company": 3, "start": "2012-03-31", "end": "2012-10-31", "updated_at": "2018-05-21T07:28:25.912Z", "created_at": "2018-05-21T06:44:43Z", "duty": [9, 10, 13, 8, 11, 12, 15, 14], "skill": [5, 3, 4, 1]}}, {"model": "resume.job", "pk": 3, "fields": {"title": "SmartPlant Foundation Developer", "desc": "Hired to help customize a 3rd party software package called SmartPlant Foundation.  It is used mainly by large companies with massive plant foot prints to help keep track of what resources are where and what changes are being contemplated.", "company": 4, "start": "2013-01-01", "end": "2015-06-30", "updated_at": "2018-05-21T07:36:22.837Z", "created_at": "2018-05-21T07:28:32Z", "duty": [16, 20, 17, 19, 18], "skill": [6, 2, 1]}}, {"model": "resume.job", "pk": 4, "fields": {"title": "MS Access Database Consultant", "desc": "Have independently consulted with a business in Augusta to help them with their database needs.", "company": 5, "start": "2000-01-01", "end": "2018-05-21", "updated_at": "2018-05-21T07:42:51.961Z", "created_at": "2018-05-21T07:37:03Z", "duty": [], "skill": [7]}}, {"model": "resume.job", "pk": 5, "fields": {"title": "Code Boot Camp 3", "desc": "In this course, we\u2019ll take anyone with basic computer skills from complete beginner to competent full stack junior web developer. It will take a lifetime of practice, self-study, and work to become an expert in development disciplines, our program is designed to give you the skills to enter the workforce and gain meaningful employment as a web developer.</p>\r\n\r\n20 years ago, knowing one programming language was generally all it took to enter the workforce as a programmer, but today\u2019s web-centric environment requires a wide variety of specific, challenging skills to even begin to contribute. Rather than focus on the trendy new frameworks and \u201clanguage-of-the-minute\u201d, we\u2019ve chosen to approach web development as a discipline from the core fundamentals.\r\n\r\nHTML\r\nCascading Style Sheets (CSS)\r\nJavascript\r\nPHP\r\nMySQL / MariaDB\r\nLinux (Ubuntu and Cloud Hosting)\r\nThe Fundamentals (HTML/CSS)\r\n\r\nOur first core discipline will focus on the display layer of the internet. In this course module, we\u2019ll focus on using HTML and CSS to render content to the user\u2019s browser. This foundational technology will be used as the primary core output for the remainder of the code school. You\u2019ll learn the most common HTML tags used in web development, how to manipulate their styles with CSS, and how to design and interact with existing themes and pre-built templates for rapid prototyping and development.\r\n\r\nPersistence and Processing (PHP and MySQL/MariaDB)\r\nThe second core discipline will introduce the fundamentals of your first programming language and the basics of database design and implementation. This course module will gradually introduce programming concepts and prepare you to query, process, and render data stored inside a persistent database.\r\n\r\nThe Interactivity (JavaScript)\r\nOur third major discipline will be a focus on the connectivity language behind every major browser. In the \u201cProgramming Interactivity with JavaScript\u201d module, we\u2019ll focus on adding real-time interactivity to your web applications and using JavaScript.\r\n\r\nThe Server Stack (Ubuntu Linux and the Cloud)\r\nThroughout this entire course, you\u2019ll learn the ins and outs of installing, updating, configuring, and managing cloud-based virtual private servers. You\u2019ll learn basic command-line navigational commands and techniques to spin up servers for NGINX, MySQL (or MariaDB), PHP, and more.", "company": 6, "start": "2018-02-01", "end": "2018-05-25", "updated_at": "2018-05-31T18:45:58.644Z", "created_at": "2018-05-21T07:44:00Z", "duty": [21, 23, 22, 24], "skill": [8]}}, {"model": "resume.school", "pk": 1, "fields": {"name": "Augusta University (formerly Augusta College)", "start": "1985-09-01", "end": "1991-12-31", "degree": "BD", "major": "Business Administration", "focus": "General Business", "updated_at": "2018-05-18T15:01:49.854Z", "created_at": "2018-05-18T15:01:06Z"}}, {"model": "resume.relation", "pk": 1, "fields": {"name": "Manager", "desc": "This person had a direct supervisory role over me and can attest to my performance, attendance, and skill level at the position in question in this company.", "updated_at": "2018-05-18T15:13:28.115Z", "created_at": "2018-05-18T15:11:52Z"}}, {"model": "resume.relation", "pk": 2, "fields": {"name": "Software Development Instructor", "desc": "Guided us through our Code Boot Camp at the ClubHou.se", "updated_at": "2018-05-30T18:41:20.169Z", "created_at": "2018-05-30T18:36:36Z"}}, {"model": "resume.relation", "pk": 3, "fields": {"name": "Customer", "desc": "Any person that I have done consulting work for.", "updated_at": "2018-05-30T19:13:09.518Z", "created_at": "2018-05-30T18:44:01Z"}}, {"model": "resume.reference", "pk": 1, "fields": {"name": "Gaston Kapuku", "relation": 1, "address": 1, "phone": 1, "email": "gkapuku@augusta.edu", "website": "http://www.augusta.edu/mcg/dphs/gpi/faculty_pages/kapuku.php", "company": 1, "updated_at": "2018-05-18T15:17:08.464Z", "created_at": "2018-05-18T15:16:46Z"}}, {"model": "resume.reference", "pk": 2, "fields": {"name": "Ronald \"Butch\" Fortier", "relation": 1, "address": 8, "phone": 7, "email": "info@macuchsteel.com", "website": "www.macuchsteel.com", "company": 7, "updated_at": "2018-05-30T18:36:24.688Z", "created_at": "2018-05-30T18:32:15Z"}}, {"model": "resume.reference", "pk": 3, "fields": {"name": "Matthew Hill", "relation": 2, "address": 9, "phone": 8, "email": "heythere@theclubhou.se", "website": "https://theclubhou.se/", "company": 6, "updated_at": "2018-05-30T18:43:09.853Z", "created_at": "2018-05-30T18:36:24Z"}}, {"model": "resume.reference", "pk": 4, "fields": {"name": "John Mayo", "relation": 3, "address": 10, "phone": 9, "email": "Mayo@abiinc.net", "website": "http://abiinc.net/", "company": 5, "updated_at": "2018-05-30T19:18:54.897Z", "created_at": "2018-05-30T19:12:19Z"}}, {"model": "resume.resumetype", "pk": 1, "fields": {"name": "Full History", "desc": "Every job, skill, company and reference I have ever had.  No shaping for a specific job (ie: no \"hiding\" lapses or less than desirable circumstances).", "updated_at": "2018-05-20T20:40:56.498Z", "created_at": "2018-05-20T20:38:35Z"}}, {"model": "resume.summary", "pk": 1, "fields": {"name": "Developer Summary", "desc": "Focused and detail-oriented Software / Database Developer seeks employment as part of a dynamic software development team. Fluent in VB.Net and C#. Offering exceptional troubleshooting skills and a talent for developing innovative solutions to unusual and difficult problems.", "updated_at": "2018-05-21T04:30:55.552Z", "created_at": "2018-05-21T04:29:34Z"}}, {"model": "resume.summary", "pk": 2, "fields": {"name": "Software Engineer Summary", "desc": "Focused and detail-oriented Software Engineer seeks employment as part of a dynamic software development team. Fluent in VB.Net and C#. Offering exceptional troubleshooting skills and a talent for developing innovative solutions to unusual and difficult problems.", "updated_at": "2018-05-21T04:33:57.438Z", "created_at": "2018-05-21T04:32:16Z"}}, {"model": "resume.resumeowner", "pk": 1, "fields": {"first_name": "Greg", "last_name": "Slavens", "name_web_display": "Greg Slavens", "address": 7, "phone": 6, "email": "gslaven@comcast.net", "website": "", "github": "https://github.com/gslaven", "linked_in": "https://www.linkedin.com/in/gregslavens/", "facebook": "https://www.facebook.com/greg.slavens", "social_media_1": "", "social_media_2": "", "updated_at": "2018-05-24T14:04:04.122Z", "created_at": "2018-05-24T14:02:26Z"}}, {"model": "resume.resume", "pk": 3, "fields": {"resume_type": 1, "resume_owner": 1, "company": [5, 1, 3, 6, 4], "job": [5, 4, 3, 1, 2], "reference": [1], "skill": [5, 7, 6, 3, 8, 2, 4, 1], "summary": [1]}}, {"model": "auth.permission", "pk": 1, "fields": {"name": "Can add log entry", "content_type": 1, "codename": "add_logentry"}}, {"model": "auth.permission", "pk": 2, "fields": {"name": "Can change log entry", "content_type": 1, "codename": "change_logentry"}}, {"model": "auth.permission", "pk": 3, "fields": {"name": "Can delete log entry", "content_type": 1, "codename": "delete_logentry"}}, {"model": "auth.permission", "pk": 4, "fields": {"name": "Can add permission", "content_type": 2, "codename": "add_permission"}}, {"model": "auth.permission", "pk": 5, "fields": {"name": "Can change permission", "content_type": 2, "codename": "change_permission"}}, {"model": "auth.permission", "pk": 6, "fields": {"name": "Can delete permission", "content_type": 2, "codename": "delete_permission"}}, {"model": "auth.permission", "pk": 7, "fields": {"name": "Can add group", "content_type": 3, "codename": "add_group"}}, {"model": "auth.permission", "pk": 8, "fields": {"name": "Can change group", "content_type": 3, "codename": "change_group"}}, {"model": "auth.permission", "pk": 9, "fields": {"name": "Can delete group", "content_type": 3, "codename": "delete_group"}}, {"model": "auth.permission", "pk": 10, "fields": {"name": "Can add user", "content_type": 4, "codename": "add_user"}}, {"model": "auth.permission", "pk": 11, "fields": {"name": "Can change user", "content_type": 4, "codename": "change_user"}}, {"model": "auth.permission", "pk": 12, "fields": {"name": "Can delete user", "content_type": 4, "codename": "delete_user"}}, {"model": "auth.permission", "pk": 13, "fields": {"name": "Can add content type", "content_type": 5, "codename": "add_contenttype"}}, {"model": "auth.permission", "pk": 14, "fields": {"name": "Can change content type", "content_type": 5, "codename": "change_contenttype"}}, {"model": "auth.permission", "pk": 15, "fields": {"name": "Can delete content type", "content_type": 5, "codename": "delete_contenttype"}}, {"model": "auth.permission", "pk": 16, "fields": {"name": "Can add session", "content_type": 6, "codename": "add_session"}}, {"model": "auth.permission", "pk": 17, "fields": {"name": "Can change session", "content_type": 6, "codename": "change_session"}}, {"model": "auth.permission", "pk": 18, "fields": {"name": "Can delete session", "content_type": 6, "codename": "delete_session"}}, {"model": "auth.permission", "pk": 19, "fields": {"name": "Can add address", "content_type": 7, "codename": "add_address"}}, {"model": "auth.permission", "pk": 20, "fields": {"name": "Can change address", "content_type": 7, "codename": "change_address"}}, {"model": "auth.permission", "pk": 21, "fields": {"name": "Can delete address", "content_type": 7, "codename": "delete_address"}}, {"model": "auth.permission", "pk": 22, "fields": {"name": "Can add company", "content_type": 8, "codename": "add_company"}}, {"model": "auth.permission", "pk": 23, "fields": {"name": "Can change company", "content_type": 8, "codename": "change_company"}}, {"model": "auth.permission", "pk": 24, "fields": {"name": "Can delete company", "content_type": 8, "codename": "delete_company"}}, {"model": "auth.permission", "pk": 25, "fields": {"name": "Can add job", "content_type": 9, "codename": "add_job"}}, {"model": "auth.permission", "pk": 26, "fields": {"name": "Can change job", "content_type": 9, "codename": "change_job"}}, {"model": "auth.permission", "pk": 27, "fields": {"name": "Can delete job", "content_type": 9, "codename": "delete_job"}}, {"model": "auth.permission", "pk": 28, "fields": {"name": "Can add phone", "content_type": 10, "codename": "add_phone"}}, {"model": "auth.permission", "pk": 29, "fields": {"name": "Can change phone", "content_type": 10, "codename": "change_phone"}}, {"model": "auth.permission", "pk": 30, "fields": {"name": "Can delete phone", "content_type": 10, "codename": "delete_phone"}}, {"model": "auth.permission", "pk": 31, "fields": {"name": "Can add reference", "content_type": 11, "codename": "add_reference"}}, {"model": "auth.permission", "pk": 32, "fields": {"name": "Can change reference", "content_type": 11, "codename": "change_reference"}}, {"model": "auth.permission", "pk": 33, "fields": {"name": "Can delete reference", "content_type": 11, "codename": "delete_reference"}}, {"model": "auth.permission", "pk": 34, "fields": {"name": "Can add relation", "content_type": 12, "codename": "add_relation"}}, {"model": "auth.permission", "pk": 35, "fields": {"name": "Can change relation", "content_type": 12, "codename": "change_relation"}}, {"model": "auth.permission", "pk": 36, "fields": {"name": "Can delete relation", "content_type": 12, "codename": "delete_relation"}}, {"model": "auth.permission", "pk": 37, "fields": {"name": "Can add school", "content_type": 13, "codename": "add_school"}}, {"model": "auth.permission", "pk": 38, "fields": {"name": "Can change school", "content_type": 13, "codename": "change_school"}}, {"model": "auth.permission", "pk": 39, "fields": {"name": "Can delete school", "content_type": 13, "codename": "delete_school"}}, {"model": "auth.permission", "pk": 40, "fields": {"name": "Can add skill", "content_type": 14, "codename": "add_skill"}}, {"model": "auth.permission", "pk": 41, "fields": {"name": "Can change skill", "content_type": 14, "codename": "change_skill"}}, {"model": "auth.permission", "pk": 42, "fields": {"name": "Can delete skill", "content_type": 14, "codename": "delete_skill"}}, {"model": "auth.permission", "pk": 43, "fields": {"name": "Can add resume", "content_type": 15, "codename": "add_resume"}}, {"model": "auth.permission", "pk": 44, "fields": {"name": "Can change resume", "content_type": 15, "codename": "change_resume"}}, {"model": "auth.permission", "pk": 45, "fields": {"name": "Can delete resume", "content_type": 15, "codename": "delete_resume"}}, {"model": "auth.permission", "pk": 46, "fields": {"name": "Can add resume type", "content_type": 16, "codename": "add_resumetype"}}, {"model": "auth.permission", "pk": 47, "fields": {"name": "Can change resume type", "content_type": 16, "codename": "change_resumetype"}}, {"model": "auth.permission", "pk": 48, "fields": {"name": "Can delete resume type", "content_type": 16, "codename": "delete_resumetype"}}, {"model": "auth.permission", "pk": 49, "fields": {"name": "Can add summary", "content_type": 17, "codename": "add_summary"}}, {"model": "auth.permission", "pk": 50, "fields": {"name": "Can change summary", "content_type": 17, "codename": "change_summary"}}, {"model": "auth.permission", "pk": 51, "fields": {"name": "Can delete summary", "content_type": 17, "codename": "delete_summary"}}, {"model": "auth.permission", "pk": 52, "fields": {"name": "Can add duty", "content_type": 18, "codename": "add_duty"}}, {"model": "auth.permission", "pk": 53, "fields": {"name": "Can change duty", "content_type": 18, "codename": "change_duty"}}, {"model": "auth.permission", "pk": 54, "fields": {"name": "Can delete duty", "content_type": 18, "codename": "delete_duty"}}, {"model": "auth.permission", "pk": 55, "fields": {"name": "Can add resume owner", "content_type": 19, "codename": "add_resumeowner"}}, {"model": "auth.permission", "pk": 56, "fields": {"name": "Can change resume owner", "content_type": 19, "codename": "change_resumeowner"}}, {"model": "auth.permission", "pk": 57, "fields": {"name": "Can delete resume owner", "content_type": 19, "codename": "delete_resumeowner"}}, {"model": "auth.user", "pk": 1, "fields": {"password": "pbkdf2_sha256$100000$10xw1eeAyCR6$WEyo1CLDv/nlCSuRH+3+6l0+5DF5fckFnHSXPsiiBtg=", "last_login": "2018-06-02T06:14:51.296Z", "is_superuser": true, "username": "gslaven", "first_name": "", "last_name": "", "email": "gslaven@comcast.net", "is_staff": true, "is_active": true, "date_joined": "2018-05-18T14:23:50.070Z", "groups": [], "user_permissions": []}}, {"model": "admin.logentry", "pk": 1, "fields": {"action_time": "2018-05-18T14:44:34.335Z", "user": 1, "content_type": 7, "object_id": "1", "object_repr": "1457 Walton Way, Augusta, GA,  30901", "action_flag": 1, "change_message": "[{\"added\": {}}]"}}, {"model": "admin.logentry", "pk": 2, "fields": {"action_time": "2018-05-18T14:45:10.470Z", "user": 1, "content_type": 10, "object_id": "1", "object_repr": "1* (706) 721-413", "action_flag": 1, "change_message": "[{\"added\": {}}]"}}, {"model": "admin.logentry", "pk": 3, "fields": {"action_time": "2018-05-18T14:45:34.288Z", "user": 1, "content_type": 10, "object_id": "1", "object_repr": "1* (706) 721-4534", "action_flag": 2, "change_message": "[{\"changed\": {\"fields\": [\"suffix\"]}}]"}}, {"model": "admin.logentry", "pk": 4, "fields": {"action_time": "2018-05-18T14:46:45.578Z", "user": 1, "content_type": 8, "object_id": "1", "object_repr": "Augusta University (Georgia Prevention Institute)", "action_flag": 1, "change_message": "[{\"added\": {}}]"}}, {"model": "admin.logentry", "pk": 5, "fields": {"action_time": "2018-05-18T14:50:37.101Z", "user": 1, "content_type": 14, "object_id": "1", "object_repr": "Visual Studio .Net (VS.Net)", "action_flag": 1, "change_message": "[{\"added\": {}}]"}}, {"model": "admin.logentry", "pk": 6, "fields": {"action_time": "2018-05-18T14:53:42.892Z", "user": 1, "content_type": 14, "object_id": "2", "object_repr": "Visual Basic .Net (VB.Net)", "action_flag": 1, "change_message": "[{\"added\": {}}]"}}, {"model": "admin.logentry", "pk": 7, "fields": {"action_time": "2018-05-18T15:00:04.267Z", "user": 1, "content_type": 14, "object_id": "3", "object_repr": "SQL Server", "action_flag": 1, "change_message": "[{\"added\": {}}]"}}, {"model": "admin.logentry", "pk": 8, "fields": {"action_time": "2018-05-18T15:00:10.519Z", "user": 1, "content_type": 9, "object_id": "1", "object_repr": "Systems Analyst (\"Big\" Data Manager & WinForm / WebForm Developer)", "action_flag": 1, "change_message": "[{\"added\": {}}]"}}, {"model": "admin.logentry", "pk": 9, "fields": {"action_time": "2018-05-18T15:01:49.855Z", "user": 1, "content_type": 13, "object_id": "1", "object_repr": "Augusta University (formerly Augusta College)", "action_flag": 1, "change_message": "[{\"added\": {}}]"}}, {"model": "admin.logentry", "pk": 10, "fields": {"action_time": "2018-05-18T15:13:28.117Z", "user": 1, "content_type": 12, "object_id": "1", "object_repr": "Manager", "action_flag": 1, "change_message": "[{\"added\": {}}]"}}, {"model": "admin.logentry", "pk": 11, "fields": {"action_time": "2018-05-18T15:17:08.466Z", "user": 1, "content_type": 11, "object_id": "1", "object_repr": "Gaston Kapuku from Augusta University (Georgia Prevention Institute)", "action_flag": 1, "change_message": "[{\"added\": {}}]"}}, {"model": "admin.logentry", "pk": 12, "fields": {"action_time": "2018-05-18T15:20:08.383Z", "user": 1, "content_type": 7, "object_id": "2", "object_repr": "1457 Walton Way, Augusta, GA,  30904", "action_flag": 1, "change_message": "[{\"added\": {}}]"}}, {"model": "admin.logentry", "pk": 13, "fields": {"action_time": "2018-05-18T15:20:51.845Z", "user": 1, "content_type": 7, "object_id": "2", "object_repr": "1457 Walton Way, Augusta, GA,  30904", "action_flag": 3, "change_message": ""}}, {"model": "admin.logentry", "pk": 14, "fields": {"action_time": "2018-05-18T15:21:34.319Z", "user": 1, "content_type": 8, "object_id": "2", "object_repr": "Augusta University (formerly Augusta College)", "action_flag": 1, "change_message": "[{\"added\": {}}]"}}, {"model": "admin.logentry", "pk": 15, "fields": {"action_time": "2018-05-18T15:21:45.375Z", "user": 1, "content_type": 8, "object_id": "2", "object_repr": "Augusta University (formerly Augusta College)", "action_flag": 3, "change_message": ""}}, {"model": "admin.logentry", "pk": 16, "fields": {"action_time": "2018-05-20T19:57:14.425Z", "user": 1, "content_type": 15, "object_id": "1", "object_repr": "Resume object (1)", "action_flag": 1, "change_message": "[{\"added\": {}}]"}}, {"model": "admin.logentry", "pk": 17, "fields": {"action_time": "2018-05-20T20:40:56.505Z", "user": 1, "content_type": 16, "object_id": "1", "object_repr": "Full History", "action_flag": 1, "change_message": "[{\"added\": {}}]"}}, {"model": "admin.logentry", "pk": 18, "fields": {"action_time": "2018-05-20T20:41:43.038Z", "user": 1, "content_type": 15, "object_id": "2", "object_repr": "Full History Every job, skill, company and reference I have ever had.  No shaping for a specific job (ie: no \"hiding\" lapses or less than desirable circumstances).", "action_flag": 1, "change_message": "[{\"added\": {}}]"}}, {"model": "admin.logentry", "pk": 19, "fields": {"action_time": "2018-05-20T23:52:18.154Z", "user": 1, "content_type": 15, "object_id": "1", "object_repr": "Full History Every job, skill, company and reference I have ever had.  No shaping for a specific job (ie: no \"hiding\" lapses or less than desirable circumstances).", "action_flag": 3, "change_message": ""}}, {"model": "admin.logentry", "pk": 20, "fields": {"action_time": "2018-05-20T23:52:49.371Z", "user": 1, "content_type": 15, "object_id": "2", "object_repr": "Full History Every job, skill, company and reference I have ever had.  No shaping for a specific job (ie: no \"hiding\" lapses or less than desirable circumstances).", "action_flag": 3, "change_message": ""}}, {"model": "admin.logentry", "pk": 21, "fields": {"action_time": "2018-05-21T00:17:01.988Z", "user": 1, "content_type": 15, "object_id": "3", "object_repr": "Full History - Desc: Every job, skill, company and reference I have ...", "action_flag": 1, "change_message": "[{\"added\": {}}]"}}, {"model": "admin.logentry", "pk": 22, "fields": {"action_time": "2018-05-21T04:30:55.559Z", "user": 1, "content_type": 17, "object_id": "1", "object_repr": "Summary object (1)", "action_flag": 1, "change_message": "[{\"added\": {}}]"}}, {"model": "admin.logentry", "pk": 23, "fields": {"action_time": "2018-05-21T04:33:57.444Z", "user": 1, "content_type": 17, "object_id": "2", "object_repr": "Software Engineer Summary - Focused and detail-oriented Software Engineer seeks employment as ...", "action_flag": 1, "change_message": "[{\"added\": {}}]"}}, {"model": "admin.logentry", "pk": 24, "fields": {"action_time": "2018-05-21T04:34:25.480Z", "user": 1, "content_type": 15, "object_id": "3", "object_repr": "Full History - Every job, skill, company and reference I have ...", "action_flag": 2, "change_message": "[{\"changed\": {\"fields\": [\"summary\"]}}]"}}, {"model": "admin.logentry", "pk": 25, "fields": {"action_time": "2018-05-21T05:55:43.959Z", "user": 1, "content_type": 9, "object_id": "1", "object_repr": "Systems Analyst (\"Big\" Data Manager & WinForm / WebForm Developer)", "action_flag": 2, "change_message": "[{\"changed\": {\"fields\": [\"desc\"]}}]"}}, {"model": "admin.logentry", "pk": 26, "fields": {"action_time": "2018-05-21T06:01:08.192Z", "user": 1, "content_type": 9, "object_id": "1", "object_repr": "Systems Analyst (\"Big\" Data Manager & WinForm / WebForm Developer)", "action_flag": 2, "change_message": "[{\"changed\": {\"fields\": [\"desc\"]}}]"}}, {"model": "admin.logentry", "pk": 27, "fields": {"action_time": "2018-05-21T06:02:31.139Z", "user": 1, "content_type": 9, "object_id": "1", "object_repr": "Systems Analyst (\"Big\" Data Manager & WinForm / WebForm Developer)", "action_flag": 2, "change_message": "[{\"changed\": {\"fields\": [\"desc\"]}}]"}}, {"model": "admin.logentry", "pk": 28, "fields": {"action_time": "2018-05-21T06:03:41.504Z", "user": 1, "content_type": 9, "object_id": "1", "object_repr": "Systems Analyst (\"Big\" Data Manager & WinForm / WebForm Developer)", "action_flag": 2, "change_message": "[{\"changed\": {\"fields\": [\"desc\"]}}]"}}, {"model": "admin.logentry", "pk": 29, "fields": {"action_time": "2018-05-21T06:07:14.194Z", "user": 1, "content_type": 9, "object_id": "1", "object_repr": "Systems Analyst (\"Big\" Data Manager & WinForm / WebForm Developer)", "action_flag": 2, "change_message": "[{\"changed\": {\"fields\": [\"desc\"]}}]"}}, {"model": "admin.logentry", "pk": 30, "fields": {"action_time": "2018-05-21T06:21:43.177Z", "user": 1, "content_type": 18, "object_id": "1", "object_repr": "Developed front end user interfaces designed to interact ...", "action_flag": 1, "change_message": "[{\"added\": {}}]"}}, {"model": "admin.logentry", "pk": 31, "fields": {"action_time": "2018-05-21T06:22:14.028Z", "user": 1, "content_type": 18, "object_id": "2", "object_repr": "Created several MS VB.Net 2005 WinForms Applications to ...", "action_flag": 1, "change_message": "[{\"added\": {}}]"}}, {"model": "admin.logentry", "pk": 32, "fields": {"action_time": "2018-05-21T06:22:41.193Z", "user": 1, "content_type": 18, "object_id": "3", "object_repr": "Users were prevented from using outdated versions, no ...", "action_flag": 1, "change_message": "[{\"added\": {}}]"}}, {"model": "admin.logentry", "pk": 33, "fields": {"action_time": "2018-05-21T06:22:56.140Z", "user": 1, "content_type": 18, "object_id": "4", "object_repr": "Retrieved data from MS SQL Server, translating into ...", "action_flag": 1, "change_message": "[{\"added\": {}}]"}}, {"model": "admin.logentry", "pk": 34, "fields": {"action_time": "2018-05-21T06:23:11.064Z", "user": 1, "content_type": 18, "object_id": "5", "object_repr": "Created Crystal Reports for data analysis and management ...", "action_flag": 1, "change_message": "[{\"added\": {}}]"}}, {"model": "admin.logentry", "pk": 35, "fields": {"action_time": "2018-05-21T06:23:33.736Z", "user": 1, "content_type": 18, "object_id": "6", "object_repr": "Before the VB.net WinForms applications, worked with MS ...", "action_flag": 1, "change_message": "[{\"added\": {}}]"}}, {"model": "admin.logentry", "pk": 36, "fields": {"action_time": "2018-05-21T06:23:52.609Z", "user": 1, "content_type": 18, "object_id": "7", "object_repr": "Managed a group of 4 data entry people.", "action_flag": 1, "change_message": "[{\"added\": {}}]"}}, {"model": "admin.logentry", "pk": 37, "fields": {"action_time": "2018-05-21T06:26:14.575Z", "user": 1, "content_type": 9, "object_id": "1", "object_repr": "Systems Analyst (\"Big\" Data Manager & WinForm / WebForm Developer)", "action_flag": 2, "change_message": "[{\"changed\": {\"fields\": [\"desc\", \"duty\"]}}]"}}, {"model": "admin.logentry", "pk": 38, "fields": {"action_time": "2018-05-21T07:09:48.947Z", "user": 1, "content_type": 7, "object_id": "3", "object_repr": "??? Fury Ferry, Martinez, GA,  30907", "action_flag": 1, "change_message": "[{\"added\": {}}]"}}, {"model": "admin.logentry", "pk": 39, "fields": {"action_time": "2018-05-21T07:14:55.064Z", "user": 1, "content_type": 10, "object_id": "2", "object_repr": "Un* (706) 555-5555", "action_flag": 1, "change_message": "[{\"added\": {}}]"}}, {"model": "admin.logentry", "pk": 40, "fields": {"action_time": "2018-05-21T07:15:08.427Z", "user": 1, "content_type": 10, "object_id": "2", "object_repr": "1* (706) 555-5555", "action_flag": 2, "change_message": "[{\"changed\": {\"fields\": [\"Country_code\"]}}]"}}, {"model": "admin.logentry", "pk": 41, "fields": {"action_time": "2018-05-21T07:15:14.290Z", "user": 1, "content_type": 8, "object_id": "3", "object_repr": "Calling Post Communications", "action_flag": 1, "change_message": "[{\"added\": {}}]"}}, {"model": "admin.logentry", "pk": 42, "fields": {"action_time": "2018-05-21T07:18:13.440Z", "user": 1, "content_type": 14, "object_id": "4", "object_repr": "Visual C# .Net (C#.Net)", "action_flag": 1, "change_message": "[{\"added\": {}}]"}}, {"model": "admin.logentry", "pk": 43, "fields": {"action_time": "2018-05-21T07:18:22.725Z", "user": 1, "content_type": 9, "object_id": "2", "object_repr": "Web Developer", "action_flag": 1, "change_message": "[{\"added\": {}}]"}}, {"model": "admin.logentry", "pk": 44, "fields": {"action_time": "2018-05-21T07:22:48.863Z", "user": 1, "content_type": 18, "object_id": "8", "object_repr": "Contracted to help redesign web portal, incorporating more ...", "action_flag": 1, "change_message": "[{\"added\": {}}]"}}, {"model": "admin.logentry", "pk": 45, "fields": {"action_time": "2018-05-21T07:23:05.821Z", "user": 1, "content_type": 18, "object_id": "9", "object_repr": "At project onset management broke down the web ...", "action_flag": 1, "change_message": "[{\"added\": {}}]"}}, {"model": "admin.logentry", "pk": 46, "fields": {"action_time": "2018-05-21T07:23:17.967Z", "user": 1, "content_type": 18, "object_id": "10", "object_repr": "Attended daily Agile Scrum meetings, reporting on progress ...", "action_flag": 1, "change_message": "[{\"added\": {}}]"}}, {"model": "admin.logentry", "pk": 47, "fields": {"action_time": "2018-05-21T07:23:43.175Z", "user": 1, "content_type": 18, "object_id": "11", "object_repr": "Created a multi-tiered web application, including a database ...", "action_flag": 1, "change_message": "[{\"added\": {}}]"}}, {"model": "admin.logentry", "pk": 48, "fields": {"action_time": "2018-05-21T07:23:54.579Z", "user": 1, "content_type": 18, "object_id": "12", "object_repr": "Exposed data through MS OData services, and communicated ...", "action_flag": 1, "change_message": "[{\"added\": {}}]"}}, {"model": "admin.logentry", "pk": 49, "fields": {"action_time": "2018-05-21T07:24:02.982Z", "user": 1, "content_type": 18, "object_id": "13", "object_repr": "Constructed queries utilizing C# language, and LINQ to ...", "action_flag": 1, "change_message": "[{\"added\": {}}]"}}, {"model": "admin.logentry", "pk": 50, "fields": {"action_time": "2018-05-21T07:24:20.494Z", "user": 1, "content_type": 18, "object_id": "14", "object_repr": "Utilized EF, OData and WCF services that will ...", "action_flag": 1, "change_message": "[{\"added\": {}}]"}}, {"model": "admin.logentry", "pk": 51, "fields": {"action_time": "2018-05-21T07:24:31.805Z", "user": 1, "content_type": 18, "object_id": "15", "object_repr": "Relied heavily on XML data structures to simulate ...", "action_flag": 1, "change_message": "[{\"added\": {}}]"}}, {"model": "admin.logentry", "pk": 52, "fields": {"action_time": "2018-05-21T07:25:18.770Z", "user": 1, "content_type": 14, "object_id": "5", "object_repr": "Entity Framework", "action_flag": 1, "change_message": "[{\"added\": {}}]"}}, {"model": "admin.logentry", "pk": 53, "fields": {"action_time": "2018-05-21T07:28:25.942Z", "user": 1, "content_type": 9, "object_id": "2", "object_repr": "Web Developer", "action_flag": 2, "change_message": "[{\"changed\": {\"fields\": [\"desc\", \"duty\", \"skill\"]}}]"}}, {"model": "admin.logentry", "pk": 54, "fields": {"action_time": "2018-05-21T07:30:27.261Z", "user": 1, "content_type": 18, "object_id": "16", "object_repr": "Contracted to Savannah River Nuclear Solutions (SRNS) site, ...", "action_flag": 1, "change_message": "[{\"added\": {}}]"}}, {"model": "admin.logentry", "pk": 55, "fields": {"action_time": "2018-05-21T07:30:35.866Z", "user": 1, "content_type": 18, "object_id": "17", "object_repr": "Handled development and customization of WinForms, also known ...", "action_flag": 1, "change_message": "[{\"added\": {}}]"}}, {"model": "admin.logentry", "pk": 56, "fields": {"action_time": "2018-05-21T07:30:44.377Z", "user": 1, "content_type": 18, "object_id": "18", "object_repr": "Successfully implemented CRUD operations and validations accompanying create ...", "action_flag": 1, "change_message": "[{\"added\": {}}]"}}, {"model": "admin.logentry", "pk": 57, "fields": {"action_time": "2018-05-21T07:31:06.288Z", "user": 1, "content_type": 18, "object_id": "19", "object_repr": "Implemented an error message handling function on the ...", "action_flag": 1, "change_message": "[{\"added\": {}}]"}}, {"model": "admin.logentry", "pk": 58, "fields": {"action_time": "2018-05-21T07:31:27.449Z", "user": 1, "content_type": 18, "object_id": "20", "object_repr": "Created Crystal Reports for management to use to ...", "action_flag": 1, "change_message": "[{\"added\": {}}]"}}, {"model": "admin.logentry", "pk": 59, "fields": {"action_time": "2018-05-21T07:34:07.904Z", "user": 1, "content_type": 7, "object_id": "4", "object_repr": "??? Atomic Drive, Jackson, SC,  30813", "action_flag": 1, "change_message": "[{\"added\": {}}]"}}, {"model": "admin.logentry", "pk": 60, "fields": {"action_time": "2018-05-21T07:34:26.845Z", "user": 1, "content_type": 10, "object_id": "3", "object_repr": "Un* (706) 555-5556", "action_flag": 1, "change_message": "[{\"added\": {}}]"}}, {"model": "admin.logentry", "pk": 61, "fields": {"action_time": "2018-05-21T07:34:32.974Z", "user": 1, "content_type": 8, "object_id": "4", "object_repr": "UNITED GLOBAL TECHNOLOGIES", "action_flag": 1, "change_message": "[{\"added\": {}}]"}}, {"model": "admin.logentry", "pk": 62, "fields": {"action_time": "2018-05-21T07:36:15.864Z", "user": 1, "content_type": 14, "object_id": "6", "object_repr": "Oracle", "action_flag": 1, "change_message": "[{\"added\": {}}]"}}, {"model": "admin.logentry", "pk": 63, "fields": {"action_time": "2018-05-21T07:36:22.863Z", "user": 1, "content_type": 9, "object_id": "3", "object_repr": "SmartPlant Foundation Developer", "action_flag": 1, "change_message": "[{\"added\": {}}]"}}, {"model": "admin.logentry", "pk": 64, "fields": {"action_time": "2018-05-21T07:40:26.276Z", "user": 1, "content_type": 7, "object_id": "5", "object_repr": "??? Find The Address, Augusta, GA,  30904", "action_flag": 1, "change_message": "[{\"added\": {}}]"}}, {"model": "admin.logentry", "pk": 65, "fields": {"action_time": "2018-05-21T07:40:45.060Z", "user": 1, "content_type": 10, "object_id": "4", "object_repr": "1* (706) 555-5557", "action_flag": 1, "change_message": "[{\"added\": {}}]"}}, {"model": "admin.logentry", "pk": 66, "fields": {"action_time": "2018-05-21T07:41:16.232Z", "user": 1, "content_type": 8, "object_id": "5", "object_repr": "Augusta Business Interiors (ABI)", "action_flag": 1, "change_message": "[{\"added\": {}}]"}}, {"model": "admin.logentry", "pk": 67, "fields": {"action_time": "2018-05-21T07:42:32.586Z", "user": 1, "content_type": 14, "object_id": "7", "object_repr": "MS Access", "action_flag": 1, "change_message": "[{\"added\": {}}]"}}, {"model": "admin.logentry", "pk": 68, "fields": {"action_time": "2018-05-21T07:42:51.978Z", "user": 1, "content_type": 9, "object_id": "4", "object_repr": "MS Access Database Consultant", "action_flag": 1, "change_message": "[{\"added\": {}}]"}}, {"model": "admin.logentry", "pk": 69, "fields": {"action_time": "2018-05-21T07:46:01.889Z", "user": 1, "content_type": 7, "object_id": "6", "object_repr": "???504Walker St, Augusta, GA,  30904", "action_flag": 1, "change_message": "[{\"added\": {}}]"}}, {"model": "admin.logentry", "pk": 70, "fields": {"action_time": "2018-05-21T07:46:18.334Z", "user": 1, "content_type": 10, "object_id": "5", "object_repr": "1* (706) 555-5558", "action_flag": 1, "change_message": "[{\"added\": {}}]"}}, {"model": "admin.logentry", "pk": 71, "fields": {"action_time": "2018-05-21T07:46:49.576Z", "user": 1, "content_type": 8, "object_id": "6", "object_repr": "The ClubHou.se", "action_flag": 1, "change_message": "[{\"added\": {}}]"}}, {"model": "admin.logentry", "pk": 72, "fields": {"action_time": "2018-05-21T07:48:24.978Z", "user": 1, "content_type": 14, "object_id": "8", "object_repr": "VS Code", "action_flag": 1, "change_message": "[{\"added\": {}}]"}}, {"model": "admin.logentry", "pk": 73, "fields": {"action_time": "2018-05-21T07:48:38.054Z", "user": 1, "content_type": 9, "object_id": "5", "object_repr": "Code Boot Camp 3", "action_flag": 1, "change_message": "[{\"added\": {}}]"}}, {"model": "admin.logentry", "pk": 74, "fields": {"action_time": "2018-05-21T07:49:14.167Z", "user": 1, "content_type": 18, "object_id": "21", "object_repr": "Attended a 12 week, all day, intensive, web-development ...", "action_flag": 1, "change_message": "[{\"added\": {}}]"}}, {"model": "admin.logentry", "pk": 75, "fields": {"action_time": "2018-05-21T07:49:41.290Z", "user": 1, "content_type": 18, "object_id": "22", "object_repr": "Completed assignments in Node.JS, Node Package Manager (NPM), ...", "action_flag": 1, "change_message": "[{\"added\": {}}]"}}, {"model": "admin.logentry", "pk": 76, "fields": {"action_time": "2018-05-21T07:50:00.903Z", "user": 1, "content_type": 18, "object_id": "23", "object_repr": "Completed assignments in Laravel (the PHP framework), Apache ...", "action_flag": 1, "change_message": "[{\"added\": {}}]"}}, {"model": "admin.logentry", "pk": 77, "fields": {"action_time": "2018-05-21T07:50:19.111Z", "user": 1, "content_type": 18, "object_id": "24", "object_repr": "Completed team project with Agile Methodologies and scrum ...", "action_flag": 1, "change_message": "[{\"added\": {}}]"}}, {"model": "admin.logentry", "pk": 78, "fields": {"action_time": "2018-05-21T07:52:22.267Z", "user": 1, "content_type": 15, "object_id": "3", "object_repr": "Full History - Every job, skill, company and reference I have ...", "action_flag": 2, "change_message": "[{\"changed\": {\"fields\": [\"company\", \"job\", \"skill\"]}}]"}}, {"model": "admin.logentry", "pk": 79, "fields": {"action_time": "2018-05-21T17:03:22.071Z", "user": 1, "content_type": 18, "object_id": "7", "object_repr": "Managed a group of 4 data entry personnel.", "action_flag": 2, "change_message": "[{\"changed\": {\"fields\": [\"desc\"]}}]"}}, {"model": "admin.logentry", "pk": 80, "fields": {"action_time": "2018-05-21T18:42:48.579Z", "user": 1, "content_type": 14, "object_id": "9", "object_repr": "HTML5", "action_flag": 1, "change_message": "[{\"added\": {}}]"}}, {"model": "admin.logentry", "pk": 81, "fields": {"action_time": "2018-05-21T18:44:34.473Z", "user": 1, "content_type": 14, "object_id": "10", "object_repr": "RDBMS", "action_flag": 1, "change_message": "[{\"added\": {}}]"}}, {"model": "admin.logentry", "pk": 82, "fields": {"action_time": "2018-05-21T18:50:33.194Z", "user": 1, "content_type": 14, "object_id": "11", "object_repr": "TEAM Foundation Server (TFS)", "action_flag": 1, "change_message": "[{\"added\": {}}]"}}, {"model": "admin.logentry", "pk": 83, "fields": {"action_time": "2018-05-21T18:50:42.142Z", "user": 1, "content_type": 14, "object_id": "11", "object_repr": "Team Foundation Server (TFS)", "action_flag": 2, "change_message": "[{\"changed\": {\"fields\": [\"name\"]}}]"}}, {"model": "admin.logentry", "pk": 84, "fields": {"action_time": "2018-05-21T18:52:41.251Z", "user": 1, "content_type": 14, "object_id": "12", "object_repr": "Cascading Style Sheets (CSS3)", "action_flag": 1, "change_message": "[{\"added\": {}}]"}}, {"model": "admin.logentry", "pk": 85, "fields": {"action_time": "2018-05-21T18:53:15.037Z", "user": 1, "content_type": 14, "object_id": "5", "object_repr": "Entity Framework (EF)", "action_flag": 2, "change_message": "[{\"changed\": {\"fields\": [\"name\"]}}]"}}, {"model": "admin.logentry", "pk": 86, "fields": {"action_time": "2018-05-21T18:55:28.754Z", "user": 1, "content_type": 14, "object_id": "13", "object_repr": "JavaScript", "action_flag": 1, "change_message": "[{\"added\": {}}]"}}, {"model": "admin.logentry", "pk": 87, "fields": {"action_time": "2018-05-21T18:57:20.378Z", "user": 1, "content_type": 14, "object_id": "14", "object_repr": "Agile Methodologies", "action_flag": 1, "change_message": "[{\"added\": {}}]"}}, {"model": "admin.logentry", "pk": 88, "fields": {"action_time": "2018-05-21T18:58:59.530Z", "user": 1, "content_type": 14, "object_id": "15", "object_repr": "XML", "action_flag": 1, "change_message": "[{\"added\": {}}]"}}, {"model": "admin.logentry", "pk": 89, "fields": {"action_time": "2018-05-21T19:16:11.963Z", "user": 1, "content_type": 14, "object_id": "16", "object_repr": "Attended SCRUM meetings", "action_flag": 1, "change_message": "[{\"added\": {}}]"}}, {"model": "admin.logentry", "pk": 90, "fields": {"action_time": "2018-05-21T19:16:52.347Z", "user": 1, "content_type": 14, "object_id": "17", "object_repr": "Node.js", "action_flag": 1, "change_message": "[{\"added\": {}}]"}}, {"model": "admin.logentry", "pk": 91, "fields": {"action_time": "2018-05-21T19:17:35.419Z", "user": 1, "content_type": 14, "object_id": "18", "object_repr": "React JS", "action_flag": 1, "change_message": "[{\"added\": {}}]"}}, {"model": "admin.logentry", "pk": 92, "fields": {"action_time": "2018-05-21T19:17:44.767Z", "user": 1, "content_type": 14, "object_id": "18", "object_repr": "React.JS", "action_flag": 2, "change_message": "[{\"changed\": {\"fields\": [\"name\"]}}]"}}, {"model": "admin.logentry", "pk": 93, "fields": {"action_time": "2018-05-21T19:17:52.014Z", "user": 1, "content_type": 14, "object_id": "17", "object_repr": "Node.JS", "action_flag": 2, "change_message": "[{\"changed\": {\"fields\": [\"name\"]}}]"}}, {"model": "admin.logentry", "pk": 94, "fields": {"action_time": "2018-05-21T19:19:54.420Z", "user": 1, "content_type": 14, "object_id": "19", "object_repr": "Laravel (PHP framework)", "action_flag": 1, "change_message": "[{\"added\": {}}]"}}, {"model": "admin.logentry", "pk": 95, "fields": {"action_time": "2018-05-21T19:20:58.827Z", "user": 1, "content_type": 14, "object_id": "20", "object_repr": "Node Package Manager (NPM)", "action_flag": 1, "change_message": "[{\"added\": {}}]"}}, {"model": "admin.logentry", "pk": 96, "fields": {"action_time": "2018-05-21T19:22:27.027Z", "user": 1, "content_type": 14, "object_id": "21", "object_repr": "Atom IDE", "action_flag": 1, "change_message": "[{\"added\": {}}]"}}, {"model": "admin.logentry", "pk": 97, "fields": {"action_time": "2018-05-21T19:22:56.668Z", "user": 1, "content_type": 14, "object_id": "22", "object_repr": "Apache Web Server", "action_flag": 1, "change_message": "[{\"added\": {}}]"}}, {"model": "admin.logentry", "pk": 98, "fields": {"action_time": "2018-05-21T19:23:29.979Z", "user": 1, "content_type": 14, "object_id": "23", "object_repr": "XAMPP", "action_flag": 1, "change_message": "[{\"added\": {}}]"}}, {"model": "admin.logentry", "pk": 99, "fields": {"action_time": "2018-05-21T19:24:07.196Z", "user": 1, "content_type": 14, "object_id": "24", "object_repr": "Crystal Reports", "action_flag": 1, "change_message": "[{\"added\": {}}]"}}, {"model": "admin.logentry", "pk": 100, "fields": {"action_time": "2018-05-21T19:25:49.852Z", "user": 1, "content_type": 14, "object_id": "25", "object_repr": "Microsoft Reporting Services (MSRS)", "action_flag": 1, "change_message": "[{\"added\": {}}]"}}, {"model": "admin.logentry", "pk": 101, "fields": {"action_time": "2018-05-21T19:25:56.864Z", "user": 1, "content_type": 14, "object_id": "25", "object_repr": "Microsoft Reporting Services (MSRS)", "action_flag": 2, "change_message": "[{\"changed\": {\"fields\": [\"years\"]}}]"}}, {"model": "admin.logentry", "pk": 102, "fields": {"action_time": "2018-05-21T19:26:35.540Z", "user": 1, "content_type": 14, "object_id": "26", "object_repr": "GitHub", "action_flag": 1, "change_message": "[{\"added\": {}}]"}}, {"model": "admin.logentry", "pk": 103, "fields": {"action_time": "2018-05-21T19:27:13.572Z", "user": 1, "content_type": 14, "object_id": "27", "object_repr": "Composer (PHP)", "action_flag": 1, "change_message": "[{\"added\": {}}]"}}, {"model": "admin.logentry", "pk": 104, "fields": {"action_time": "2018-05-21T19:29:27.060Z", "user": 1, "content_type": 14, "object_id": "28", "object_repr": "PHP", "action_flag": 1, "change_message": "[{\"added\": {}}]"}}, {"model": "admin.logentry", "pk": 105, "fields": {"action_time": "2018-05-21T19:32:31.092Z", "user": 1, "content_type": 14, "object_id": "29", "object_repr": "Active Server Pages (ASP)", "action_flag": 1, "change_message": "[{\"added\": {}}]"}}, {"model": "admin.logentry", "pk": 106, "fields": {"action_time": "2018-05-21T19:33:11.772Z", "user": 1, "content_type": 14, "object_id": "30", "object_repr": "Active Server Pages (ASP.NET)", "action_flag": 1, "change_message": "[{\"added\": {}}]"}}, {"model": "admin.logentry", "pk": 107, "fields": {"action_time": "2018-05-21T19:33:59.941Z", "user": 1, "content_type": 14, "object_id": "31", "object_repr": "MySql", "action_flag": 1, "change_message": "[{\"added\": {}}]"}}, {"model": "admin.logentry", "pk": 108, "fields": {"action_time": "2018-05-21T19:34:27.477Z", "user": 1, "content_type": 14, "object_id": "32", "object_repr": "MySql Workbench", "action_flag": 1, "change_message": "[{\"added\": {}}]"}}, {"model": "admin.logentry", "pk": 109, "fields": {"action_time": "2018-05-21T19:36:30.429Z", "user": 1, "content_type": 14, "object_id": "33", "object_repr": "LINQ\u2013to-SQL", "action_flag": 1, "change_message": "[{\"added\": {}}]"}}, {"model": "admin.logentry", "pk": 110, "fields": {"action_time": "2018-05-21T19:38:16.548Z", "user": 1, "content_type": 14, "object_id": "34", "object_repr": "JavaScript Object Notation (JSON)", "action_flag": 1, "change_message": "[{\"added\": {}}]"}}, {"model": "admin.logentry", "pk": 111, "fields": {"action_time": "2018-05-21T19:41:33.589Z", "user": 1, "content_type": 14, "object_id": "35", "object_repr": "Forklift Operation", "action_flag": 1, "change_message": "[{\"added\": {}}]"}}, {"model": "admin.logentry", "pk": 112, "fields": {"action_time": "2018-05-21T19:46:59.693Z", "user": 1, "content_type": 14, "object_id": "36", "object_repr": "Computer Numerical Control Machine (CNC) Burn Table", "action_flag": 1, "change_message": "[{\"added\": {}}]"}}, {"model": "admin.logentry", "pk": 113, "fields": {"action_time": "2018-05-22T16:28:37.075Z", "user": 1, "content_type": 7, "object_id": "6", "object_repr": "??? 504 Walker St, Augusta, GA,  30904", "action_flag": 2, "change_message": "[{\"changed\": {\"fields\": [\"street\"]}}]"}}, {"model": "admin.logentry", "pk": 114, "fields": {"action_time": "2018-05-24T13:48:15.035Z", "user": 1, "content_type": 7, "object_id": "7", "object_repr": "2521 Walton Way, Augusta, GA,  30904", "action_flag": 1, "change_message": "[{\"added\": {}}]"}}, {"model": "admin.logentry", "pk": 115, "fields": {"action_time": "2018-05-24T13:48:38.126Z", "user": 1, "content_type": 10, "object_id": "6", "object_repr": "1* (706) 294-1279", "action_flag": 1, "change_message": "[{\"added\": {}}]"}}, {"model": "admin.logentry", "pk": 116, "fields": {"action_time": "2018-05-24T14:04:04.127Z", "user": 1, "content_type": 19, "object_id": "1", "object_repr": "Greg Slavens", "action_flag": 1, "change_message": "[{\"added\": {}}]"}}, {"model": "admin.logentry", "pk": 117, "fields": {"action_time": "2018-05-24T14:04:20.087Z", "user": 1, "content_type": 15, "object_id": "3", "object_repr": "Full History - Every job, skill, company and reference I have ...", "action_flag": 2, "change_message": "[]"}}, {"model": "admin.logentry", "pk": 118, "fields": {"action_time": "2018-05-24T17:10:11.663Z", "user": 1, "content_type": 7, "object_id": "6", "object_repr": "540 Walker St, Augusta, GA,  30904", "action_flag": 2, "change_message": "[{\"changed\": {\"fields\": [\"street\"]}}]"}}, {"model": "admin.logentry", "pk": 119, "fields": {"action_time": "2018-05-25T14:57:31.019Z", "user": 1, "content_type": 8, "object_id": "1", "object_repr": "?????Augusta University (Georgia Prevention Institute)", "action_flag": 2, "change_message": "[{\"changed\": {\"fields\": [\"name\"]}}]"}}, {"model": "admin.logentry", "pk": 120, "fields": {"action_time": "2018-05-25T19:34:14.204Z", "user": 1, "content_type": 8, "object_id": "1", "object_repr": "Augusta University (Georgia Prevention Institute)", "action_flag": 2, "change_message": "[{\"changed\": {\"fields\": [\"name\"]}}]"}}, {"model": "admin.logentry", "pk": 121, "fields": {"action_time": "2018-05-25T19:34:34.159Z", "user": 1, "content_type": 8, "object_id": "4", "object_repr": "United Global Technologies", "action_flag": 2, "change_message": "[{\"changed\": {\"fields\": [\"name\"]}}]"}}, {"model": "admin.logentry", "pk": 122, "fields": {"action_time": "2018-05-26T12:53:51.436Z", "user": 1, "content_type": 10, "object_id": "2", "object_repr": "1* (844) 635-7678", "action_flag": 2, "change_message": "[{\"changed\": {\"fields\": [\"area_code\", \"prefix\", \"suffix\"]}}]"}}, {"model": "admin.logentry", "pk": 123, "fields": {"action_time": "2018-05-26T13:02:56.573Z", "user": 1, "content_type": 7, "object_id": "3", "object_repr": "531 Blackburn Dr, Augusta, GA,  30907", "action_flag": 2, "change_message": "[{\"changed\": {\"fields\": [\"street\", \"city\"]}}]"}}, {"model": "admin.logentry", "pk": 124, "fields": {"action_time": "2018-05-26T13:03:44.816Z", "user": 1, "content_type": 8, "object_id": "3", "object_repr": "Calling Post Communications", "action_flag": 2, "change_message": "[{\"changed\": {\"fields\": [\"email\", \"website\"]}}]"}}, {"model": "admin.logentry", "pk": 125, "fields": {"action_time": "2018-05-26T13:05:47.176Z", "user": 1, "content_type": 8, "object_id": "3", "object_repr": "Calling Post Communications", "action_flag": 2, "change_message": "[{\"changed\": {\"fields\": [\"desc\"]}}]"}}, {"model": "admin.logentry", "pk": 126, "fields": {"action_time": "2018-05-26T13:08:30.997Z", "user": 1, "content_type": 10, "object_id": "3", "object_repr": "+1* (706) 555-5556", "action_flag": 2, "change_message": "[{\"changed\": {\"fields\": [\"Country_code\"]}}]"}}, {"model": "admin.logentry", "pk": 127, "fields": {"action_time": "2018-05-26T13:08:46.044Z", "user": 1, "content_type": 10, "object_id": "3", "object_repr": "1* (706) 555-5556", "action_flag": 2, "change_message": "[{\"changed\": {\"fields\": [\"Country_code\"]}}]"}}, {"model": "admin.logentry", "pk": 128, "fields": {"action_time": "2018-05-30T18:33:49.401Z", "user": 1, "content_type": 7, "object_id": "8", "object_repr": "1527 Augusta Ave / PO Box 3285, Augusta, GA,  30901", "action_flag": 1, "change_message": "[{\"added\": {}}]"}}, {"model": "admin.logentry", "pk": 129, "fields": {"action_time": "2018-05-30T18:34:25.123Z", "user": 1, "content_type": 10, "object_id": "7", "object_repr": "+1 (866) 441-9545", "action_flag": 1, "change_message": "[{\"added\": {}}]"}}, {"model": "admin.logentry", "pk": 130, "fields": {"action_time": "2018-05-30T18:36:04.801Z", "user": 1, "content_type": 8, "object_id": "7", "object_repr": "Macuch Steel Products", "action_flag": 1, "change_message": "[{\"added\": {}}]"}}, {"model": "admin.logentry", "pk": 131, "fields": {"action_time": "2018-05-30T18:36:13.536Z", "user": 1, "content_type": 11, "object_id": "2", "object_repr": "Ronald \"butch\" Fortier from Macuch Steel Products", "action_flag": 1, "change_message": "[{\"added\": {}}]"}}, {"model": "admin.logentry", "pk": 132, "fields": {"action_time": "2018-05-30T18:36:24.691Z", "user": 1, "content_type": 11, "object_id": "2", "object_repr": "Ronald \"Butch\" Fortier from Macuch Steel Products", "action_flag": 2, "change_message": "[{\"changed\": {\"fields\": [\"name\"]}}]"}}, {"model": "admin.logentry", "pk": 133, "fields": {"action_time": "2018-05-30T18:37:30.129Z", "user": 1, "content_type": 12, "object_id": "2", "object_repr": "Instructor", "action_flag": 1, "change_message": "[{\"added\": {}}]"}}, {"model": "admin.logentry", "pk": 134, "fields": {"action_time": "2018-05-30T18:38:59.876Z", "user": 1, "content_type": 7, "object_id": "9", "object_repr": "540 Telfair St, Augusta, GA,  30901", "action_flag": 1, "change_message": "[{\"added\": {}}]"}}, {"model": "admin.logentry", "pk": 135, "fields": {"action_time": "2018-05-30T18:39:29.045Z", "user": 1, "content_type": 10, "object_id": "8", "object_repr": "+1 (706) 723-5728", "action_flag": 1, "change_message": "[{\"added\": {}}]"}}, {"model": "admin.logentry", "pk": 136, "fields": {"action_time": "2018-05-30T18:41:20.171Z", "user": 1, "content_type": 12, "object_id": "2", "object_repr": "Software Development Instructor", "action_flag": 2, "change_message": "[{\"changed\": {\"fields\": [\"name\"]}}]"}}, {"model": "admin.logentry", "pk": 137, "fields": {"action_time": "2018-05-30T18:43:00.750Z", "user": 1, "content_type": 8, "object_id": "6", "object_repr": "The ClubHou.se", "action_flag": 2, "change_message": "[{\"changed\": {\"fields\": [\"desc\", \"phone\", \"email\", \"website\"]}}]"}}, {"model": "admin.logentry", "pk": 138, "fields": {"action_time": "2018-05-30T18:43:09.854Z", "user": 1, "content_type": 11, "object_id": "3", "object_repr": "Matthew Hill from The ClubHou.se", "action_flag": 1, "change_message": "[{\"added\": {}}]"}}, {"model": "admin.logentry", "pk": 139, "fields": {"action_time": "2018-05-30T18:45:32.362Z", "user": 1, "content_type": 12, "object_id": "3", "object_repr": "Customer", "action_flag": 1, "change_message": "[{\"added\": {}}]"}}, {"model": "admin.logentry", "pk": 140, "fields": {"action_time": "2018-05-30T19:13:09.526Z", "user": 1, "content_type": 12, "object_id": "3", "object_repr": "Customer", "action_flag": 2, "change_message": "[{\"changed\": {\"fields\": [\"desc\"]}}]"}}, {"model": "admin.logentry", "pk": 141, "fields": {"action_time": "2018-05-30T19:14:11.453Z", "user": 1, "content_type": 7, "object_id": "10", "object_repr": "3127-G Damascus Road, Augusta, GA,  30909", "action_flag": 1, "change_message": "[{\"added\": {}}]"}}, {"model": "admin.logentry", "pk": 142, "fields": {"action_time": "2018-05-30T19:14:52.141Z", "user": 1, "content_type": 10, "object_id": "9", "object_repr": "+1 (706) 737-3014", "action_flag": 1, "change_message": "[{\"added\": {}}]"}}, {"model": "admin.logentry", "pk": 143, "fields": {"action_time": "2018-05-30T19:18:04.262Z", "user": 1, "content_type": 8, "object_id": "5", "object_repr": "Augusta Business Interiors (ABI)", "action_flag": 2, "change_message": "[{\"changed\": {\"fields\": [\"phone\", \"website\"]}}]"}}, {"model": "admin.logentry", "pk": 144, "fields": {"action_time": "2018-05-30T19:18:09.706Z", "user": 1, "content_type": 11, "object_id": "4", "object_repr": "John Mayo from Augusta Business Interiors (ABI)", "action_flag": 1, "change_message": "[{\"added\": {}}]"}}, {"model": "admin.logentry", "pk": 145, "fields": {"action_time": "2018-05-30T19:18:54.904Z", "user": 1, "content_type": 11, "object_id": "4", "object_repr": "John Mayo from Augusta Business Interiors (ABI)", "action_flag": 2, "change_message": "[]"}}, {"model": "admin.logentry", "pk": 146, "fields": {"action_time": "2018-05-30T19:21:06.054Z", "user": 1, "content_type": 8, "object_id": "5", "object_repr": "Augusta Business Interiors (ABI)", "action_flag": 2, "change_message": "[{\"changed\": {\"fields\": [\"address\"]}}]"}}, {"model": "admin.logentry", "pk": 147, "fields": {"action_time": "2018-05-30T19:21:13.714Z", "user": 1, "content_type": 8, "object_id": "1", "object_repr": "Augusta University (Georgia Prevention Institute)", "action_flag": 2, "change_message": "[]"}}, {"model": "admin.logentry", "pk": 148, "fields": {"action_time": "2018-05-30T19:21:21.191Z", "user": 1, "content_type": 8, "object_id": "3", "object_repr": "Calling Post Communications", "action_flag": 2, "change_message": "[]"}}, {"model": "admin.logentry", "pk": 149, "fields": {"action_time": "2018-05-30T19:21:28.259Z", "user": 1, "content_type": 8, "object_id": "7", "object_repr": "Macuch Steel Products", "action_flag": 2, "change_message": "[]"}}, {"model": "admin.logentry", "pk": 150, "fields": {"action_time": "2018-05-30T19:21:33.019Z", "user": 1, "content_type": 8, "object_id": "6", "object_repr": "The ClubHou.se", "action_flag": 2, "change_message": "[]"}}, {"model": "admin.logentry", "pk": 151, "fields": {"action_time": "2018-05-30T19:24:42.912Z", "user": 1, "content_type": 7, "object_id": "4", "object_repr": "338 South Sharon Amity Road, Suite 106, Charlotte, NC,  28211", "action_flag": 2, "change_message": "[{\"changed\": {\"fields\": [\"street\", \"city\", \"state\", \"zip_code\"]}}]"}}, {"model": "admin.logentry", "pk": 152, "fields": {"action_time": "2018-05-30T19:25:13.264Z", "user": 1, "content_type": 10, "object_id": "3", "object_repr": "+1 (704) 208-4143", "action_flag": 2, "change_message": "[{\"changed\": {\"fields\": [\"area_code\", \"prefix\", \"suffix\"]}}]"}}, {"model": "admin.logentry", "pk": 153, "fields": {"action_time": "2018-05-30T19:25:35.158Z", "user": 1, "content_type": 8, "object_id": "4", "object_repr": "United Global Technologies", "action_flag": 2, "change_message": "[{\"changed\": {\"fields\": [\"desc\", \"email\", \"website\"]}}]"}}, {"model": "admin.logentry", "pk": 154, "fields": {"action_time": "2018-05-30T19:26:55.176Z", "user": 1, "content_type": 10, "object_id": "4", "object_repr": "+1 (706) 555-5557", "action_flag": 3, "change_message": ""}}, {"model": "admin.logentry", "pk": 155, "fields": {"action_time": "2018-05-30T19:26:55.188Z", "user": 1, "content_type": 10, "object_id": "5", "object_repr": "+1 (706) 555-5558", "action_flag": 3, "change_message": ""}}, {"model": "admin.logentry", "pk": 156, "fields": {"action_time": "2018-05-30T19:37:47.901Z", "user": 1, "content_type": 9, "object_id": "5", "object_repr": "Code Boot Camp 3", "action_flag": 2, "change_message": "[{\"changed\": {\"fields\": [\"desc\"]}}]"}}, {"model": "admin.logentry", "pk": 157, "fields": {"action_time": "2018-05-30T19:38:23.193Z", "user": 1, "content_type": 9, "object_id": "5", "object_repr": "Code Boot Camp 3", "action_flag": 2, "change_message": "[{\"changed\": {\"fields\": [\"desc\"]}}]"}}, {"model": "admin.logentry", "pk": 158, "fields": {"action_time": "2018-05-30T20:01:10.446Z", "user": 1, "content_type": 9, "object_id": "5", "object_repr": "Code Boot Camp 3", "action_flag": 2, "change_message": "[{\"changed\": {\"fields\": [\"desc\"]}}]"}}, {"model": "admin.logentry", "pk": 159, "fields": {"action_time": "2018-05-30T20:01:32.125Z", "user": 1, "content_type": 9, "object_id": "5", "object_repr": "Code Boot Camp 3", "action_flag": 2, "change_message": "[{\"changed\": {\"fields\": [\"desc\"]}}]"}}, {"model": "admin.logentry", "pk": 160, "fields": {"action_time": "2018-05-30T20:07:28.326Z", "user": 1, "content_type": 9, "object_id": "5", "object_repr": "Code Boot Camp 3", "action_flag": 2, "change_message": "[{\"changed\": {\"fields\": [\"duty\"]}}]"}}, {"model": "admin.logentry", "pk": 161, "fields": {"action_time": "2018-05-30T20:09:00.323Z", "user": 1, "content_type": 9, "object_id": "5", "object_repr": "Code Boot Camp 3", "action_flag": 2, "change_message": "[{\"changed\": {\"fields\": [\"duty\"]}}]"}}, {"model": "admin.logentry", "pk": 162, "fields": {"action_time": "2018-05-30T20:10:14.406Z", "user": 1, "content_type": 9, "object_id": "5", "object_repr": "Code Boot Camp 3", "action_flag": 2, "change_message": "[{\"changed\": {\"fields\": [\"duty\"]}}]"}}, {"model": "admin.logentry", "pk": 163, "fields": {"action_time": "2018-05-31T17:34:06.599Z", "user": 1, "content_type": 9, "object_id": "5", "object_repr": "Code Boot Camp 3", "action_flag": 2, "change_message": "[{\"changed\": {\"fields\": [\"desc\"]}}]"}}, {"model": "admin.logentry", "pk": 164, "fields": {"action_time": "2018-05-31T17:34:39.424Z", "user": 1, "content_type": 9, "object_id": "5", "object_repr": "Code Boot Camp 3", "action_flag": 2, "change_message": "[{\"changed\": {\"fields\": [\"desc\"]}}]"}}, {"model": "admin.logentry", "pk": 165, "fields": {"action_time": "2018-05-31T17:35:12.200Z", "user": 1, "content_type": 9, "object_id": "5", "object_repr": "Code Boot Camp 3", "action_flag": 2, "change_message": "[{\"changed\": {\"fields\": [\"desc\"]}}]"}}, {"model": "admin.logentry", "pk": 166, "fields": {"action_time": "2018-05-31T17:35:35.202Z", "user": 1, "content_type": 9, "object_id": "5", "object_repr": "Code Boot Camp 3", "action_flag": 2, "change_message": "[{\"changed\": {\"fields\": [\"desc\"]}}]"}}, {"model": "admin.logentry", "pk": 167, "fields": {"action_time": "2018-05-31T17:38:50.463Z", "user": 1, "content_type": 9, "object_id": "5", "object_repr": "Code Boot Camp 3", "action_flag": 2, "change_message": "[{\"changed\": {\"fields\": [\"desc\"]}}]"}}, {"model": "admin.logentry", "pk": 168, "fields": {"action_time": "2018-05-31T18:45:58.656Z", "user": 1, "content_type": 9, "object_id": "5", "object_repr": "Code Boot Camp 3", "action_flag": 2, "change_message": "[{\"changed\": {\"fields\": [\"desc\"]}}]"}}, {"model": "admin.logentry", "pk": 169, "fields": {"action_time": "2018-06-01T22:24:43.884Z", "user": 1, "content_type": 7, "object_id": "5", "object_repr": "??? Find The Address, Augusta, GA,  30904", "action_flag": 3, "change_message": ""}}]